playlist_id,nombre,descripcion,fecha_creacion,publica,numero_canciones,destacada
1,black,Economy hand that hot.,2025-12-11,True,18,False
2,explain,Possible someone international fly science.,2021-09-02,True,34,True
3,hour,World probably effect son.,2020-11-18,True,49,False
4,paper,Industry put nature or.,2024-09-21,True,12,False
5,fill,Article them investment.,2021-02-26,False,45,False
6,bring,Week that executive star quickly reveal which next.,2020-04-06,False,29,False
7,environmental,Machine cut newspaper wind car identify serious conference.,2025-10-11,True,5,True
8,give,Region wish power opportunity everybody fact exactly street.,2023-09-02,True,12,False
9,hospital,To detail value.,2024-10-18,False,37,True
10,resource,Us would of let allow he.,2022-10-26,False,37,False
11,other,Young door walk commercial hand near sometimes.,2020-08-12,True,22,False
12,look,Common peace serve.,2021-10-24,False,38,False
13,question,House another effect around reflect.,2023-11-12,False,49,False
14,sea,Family never owner develop approach require as.,2026-01-18,False,45,False
15,natural,Resource Congress fill left budget success wish.,2022-12-01,False,17,False
16,increase,Rate every study glass position force inside size.,2022-05-15,False,47,False
17,necessary,Up develop too between level attorney majority something.,2025-07-06,False,46,False
18,produce,Allow stock wait to give decision.,2023-07-05,True,31,False
19,must,Game other evening page.,2023-11-01,True,7,False
20,away,More sort attorney strong news challenge.,2020-10-02,False,5,False
21,public,Society difference money help do.,2025-07-30,True,44,True
22,become,Building part table personal our style line.,2025-11-16,False,43,True
23,store,Piece year Mr.,2024-02-13,True,49,False
24,catch,Point cold hope police never.,2025-03-21,True,39,False
25,recognize,Ready how left card per medical level job.,2020-08-04,True,39,False
26,firm,None leave draw then each.,2024-12-19,True,19,False
27,while,Cost require about pretty project national.,2021-05-08,False,13,False
28,all,Record risk itself.,2021-10-21,False,19,False
29,adult,Give whether customer smile term bill.,2020-12-23,True,46,False
30,watch,Suggest its few receive more science.,2025-08-01,True,20,False
31,care,Ground also program data.,2021-05-30,True,11,False
32,pressure,Bit month low spend nice eight.,2025-06-02,False,31,False
33,indicate,Require read lawyer wonder cell.,2021-06-30,False,22,False
34,election,Statement by not brother across must attention.,2025-02-21,True,19,False
35,my,Per few machine physical prove.,2022-03-30,True,24,False
36,senior,All among buy party piece guy until.,2024-06-01,True,35,False
37,close,Attention trouble window administration share whether writer.,2020-10-13,True,46,True
38,actually,Art probably against now letter section about.,2020-02-04,False,26,False
39,hospital,Respond seat will probably professor girl.,2026-01-09,False,32,False
40,middle,Room crime tree all certainly show.,2023-08-28,True,26,False
41,authority,Wide election range those.,2024-12-16,True,6,False
42,anyone,Image mean six remember television act.,2026-01-04,False,11,False
43,become,If two commercial different around few though child.,2023-11-24,True,19,False
44,relationship,Reveal listen report skin source once.,2021-07-17,True,35,False
45,open,Call radio from far.,2025-12-05,True,6,False
46,particular,See school financial magazine great always officer.,2021-04-09,True,35,False
47,more,Eight argue thank box.,2023-08-16,True,35,False
48,movement,Staff for catch manager us stock couple never.,2021-09-20,True,19,False
49,see,Mission toward imagine goal concern than fly.,2024-03-03,False,14,False
50,question,Yet address likely total.,2021-01-29,False,48,False
51,lot,Particularly mission standard entire lawyer analysis fish.,2021-05-06,True,38,False
52,suggest,At save middle expect dark social someone board.,2025-02-21,True,12,False
53,learn,Move success agent player American wish speak east.,2021-07-25,False,40,False
54,try,Lead future hand director themselves good.,2023-07-31,False,23,False
55,political,American dog western accept large law.,2023-04-12,True,41,True
56,American,Exist friend build within.,2022-03-19,False,9,False
57,suddenly,Today in speak voice.,2025-10-01,False,49,False
58,unit,One change direction everybody food fact back.,2024-08-17,False,43,False
59,continue,Senior sea phone.,2026-04-10,False,38,False
60,unit,Establish movie later relationship.,2025-01-18,True,6,False
61,company,Serve seek us argue marriage another.,2020-10-17,True,36,False
62,time,Lose hold fight career share.,2026-04-07,False,35,False
63,others,Consider hundred direction bar single attack thus.,2020-11-24,False,6,False
64,clearly,Admit box everybody meet.,2024-04-05,False,37,False
65,huge,Leader feeling page second nice.,2021-03-04,True,32,False
66,speak,Truth factor question.,2025-10-14,False,39,False
67,central,Democratic woman one however probably bank hope.,2021-04-12,False,34,False
68,collection,Method future explain school.,2021-12-16,True,21,False
69,six,Upon rise than inside nice authority house.,2021-12-06,False,24,False
70,while,Employee understand chair attention these entire Republican fast.,2024-01-12,False,35,True
71,just,Adult character next walk different stand.,2025-08-08,False,45,False
72,off,Work everything own will page group support maybe.,2024-01-13,True,16,False
73,management,Born prepare form instead.,2024-06-02,True,6,True
74,officer,Cup able tough hour attorney expect.,2020-02-06,False,40,False
75,mouth,Sound message economic wind clearly discussion important.,2021-04-02,True,40,False
76,newspaper,Million so scene fact exactly mean produce.,2023-07-10,True,21,False
77,lawyer,Decision way between.,2023-12-16,True,41,False
78,lot,Fire theory our letter knowledge could nearly.,2025-06-19,True,28,False
79,stop,Summer attention class want less.,2021-07-18,False,32,False
80,fear,Here debate agree art.,2022-09-01,False,38,False
81,play,Network relationship seem address hit although by.,2025-12-23,False,29,False
82,against,Outside standard response federal.,2021-10-08,False,34,False
83,him,Agency test yeah hair son hour cost.,2021-05-23,True,24,False
84,begin,Station most lot.,2022-09-19,False,35,False
85,material,Peace show especially they.,2021-07-03,True,5,False
86,ahead,Item total leave ahead.,2024-09-16,False,17,False
87,ten,Future able opportunity board she pass former.,2025-03-07,True,38,False
88,into,Bring score nation try remember all tough.,2021-02-16,False,49,False
89,particular,Expert century account matter dinner.,2020-09-29,False,37,False
90,magazine,Forward something project time.,2022-02-02,False,10,False
91,its,Hard serve right.,2021-06-13,False,43,False
92,our,Day success later class later official.,2025-03-01,True,36,False
93,his,Key rule measure minute instead.,2025-10-09,False,20,False
94,necessary,Three ten president type rise score eye stand.,2026-01-09,True,45,False
95,six,Visit would check you.,2024-03-12,True,9,False
96,upon,Manager technology coach challenge general.,2021-04-11,False,21,False
97,federal,Treat today compare find.,2022-07-16,False,38,False
98,home,Natural politics base bit manage mean job police.,2024-07-25,False,43,False
99,positive,After professor main first site attention security.,2022-04-11,True,28,True
100,population,Very to we professor.,2023-02-07,False,25,False
101,game,Realize know prevent southern conference.,2020-09-30,True,40,True
102,true,Maintain ten maintain exactly not.,2025-02-06,False,15,False
103,knowledge,Best area report several.,2026-01-09,False,44,False
104,surface,Tv take guy its especially.,2020-06-28,True,24,True
105,forget,Probably husband those project what sometimes both standard.,2023-08-16,False,25,False
106,kid,Impact chair financial success call real huge American.,2023-11-05,False,9,False
107,wonder,Trouble popular politics be.,2024-07-19,False,10,True
108,program,Relate early seat time rest sometimes.,2024-01-10,True,41,False
109,realize,Everybody growth because method south four.,2024-07-10,False,32,False
110,strategy,Anything east exactly produce thought perform actually.,2022-04-07,True,29,False
111,police,Effect impact newspaper after.,2025-02-07,True,46,False
112,office,Tough community class her late mother pay.,2021-07-05,True,15,False
113,left,Nation learn case administration program difficult finish.,2021-08-20,True,21,False
114,entire,Church card push in significant girl memory.,2021-11-16,True,9,False
115,business,Summer under house wind.,2021-05-30,False,36,False
116,pressure,Deep language perform according body political.,2022-08-11,False,31,False
117,per,Tax others give beautiful model.,2024-08-09,False,32,False
118,early,Miss ability whom set make dream computer.,2022-04-14,False,45,False
119,create,Level exactly guy four.,2021-09-10,True,22,False
120,now,Protect sport spend remain star ground stuff professional.,2025-12-25,True,33,False
121,effect,Data material trouble world body traditional wait you.,2024-10-08,True,13,False
122,recent,Safe begin community clearly little final.,2025-12-16,False,7,False
123,center,Step Mr role field total send.,2022-02-17,True,41,False
124,throughout,Coach hotel the.,2023-05-03,False,40,False
125,religious,Home quality lay air on.,2021-11-11,True,39,True
126,hand,Ok try lose any each weight.,2020-12-02,True,5,False
127,up,Positive coach those first successful.,2024-07-17,True,31,True
128,lead,Story music Republican store build wait bag.,2023-08-24,True,25,False
129,create,Tv wrong visit agreement for commercial discussion.,2024-12-09,True,47,False
130,name,Information positive society eat state professor never.,2020-10-22,True,24,True
131,generation,Often hand safe across down.,2024-02-14,False,48,False
132,difficult,Bank difficult particularly federal without.,2022-04-14,True,34,False
133,choose,Education great source own charge.,2020-11-10,False,23,False
134,everybody,Plan crime other drop like.,2024-12-29,True,34,False
135,employee,Great choice cultural dark.,2020-06-15,False,42,False
136,myself,For there success meet type.,2023-03-02,True,38,False
137,who,None history six player mean.,2022-08-05,True,33,False
138,leave,Article myself voice week.,2022-04-29,True,25,False
139,player,Citizen down this wide discussion financial eat.,2022-11-24,True,15,False
140,wall,Wish father hand thousand game successful return.,2024-10-31,False,15,True
141,voice,Whole six low town than.,2024-02-29,False,41,True
142,method,Argue write miss east inside.,2021-09-23,True,29,False
143,resource,Live gun peace rather color reason.,2022-10-17,True,40,False
144,seem,Particularly any miss must method and hotel.,2022-04-14,True,8,False
145,fall,Population ready cup Congress plant notice only.,2023-11-07,False,12,False
146,against,Main hand lay assume major success those school.,2024-05-08,False,44,False
147,officer,Purpose work five system.,2022-01-21,True,33,False
148,really,Mention billion voice.,2021-04-13,False,5,False
149,either,Bank never message inside week foot and.,2025-05-03,False,25,False
150,boy,Sister personal vote behind.,2021-11-03,False,12,False
151,exist,Always form mind my matter television learn run.,2020-04-17,False,18,False
152,property,Community miss much future.,2020-08-15,True,12,False
153,raise,Scientist every whose avoid step day her form.,2022-09-11,True,33,False
154,oil,Side require like arrive idea knowledge.,2025-11-05,True,42,False
155,authority,Behavior case million paper unit public.,2025-10-21,True,18,True
156,performance,Surface when simply great.,2020-06-14,True,30,False
157,any,These talk compare so.,2026-03-17,False,10,False
158,would,Small question stop half exist meet.,2022-05-01,False,5,False
159,sign,Him address fly finally claim sure operation.,2021-02-22,False,24,False
160,determine,Work daughter also rest beat common.,2025-12-22,True,25,False
161,clear,Fear Mrs spring.,2025-06-11,True,33,False
162,picture,Per chair sister while.,2025-11-18,False,32,False
163,much,Future worry country sure.,2022-11-06,True,34,False
164,painting,Game single million truth.,2024-10-23,True,26,False
165,claim,Within image less until matter second mother.,2023-01-04,True,20,True
166,forward,Than drop heavy wide need.,2025-12-10,True,35,False
167,claim,Ability key fight step.,2022-12-22,True,24,False
168,physical,Two itself sort attention teacher.,2024-07-02,True,37,False
169,admit,Administration feel person production nothing sound bit right.,2025-12-29,True,30,False
170,really,Edge high plan campaign hotel yes.,2025-03-26,True,16,False
171,have,Economy oil music condition design.,2021-04-06,True,37,False
172,major,These method music decide alone officer letter.,2021-10-04,False,8,False
173,network,During low treat up nation.,2024-12-04,True,15,False
174,effect,Though suddenly industry still.,2026-03-02,False,40,False
175,series,Hospital could note.,2023-11-21,False,20,False
176,management,Car over certainly good I beautiful.,2024-11-11,False,12,False
177,play,Perhaps stand important public just everything beautiful.,2023-12-30,True,44,False
178,large,Laugh natural early three conference any.,2020-04-05,True,22,False
179,else,Seven window responsibility along media.,2021-12-14,False,20,False
180,owner,Section sport require doctor tonight usually.,2023-11-19,True,11,False
181,paper,Many chance stop sometimes oil issue.,2021-05-06,False,11,False
182,today,Reflect individual bank present people early.,2021-04-14,True,12,False
183,time,Turn hope skin wind skill.,2020-08-20,True,49,False
184,apply,Attention history pass fish notice population eight.,2023-05-10,True,20,False
185,TV,Station see table newspaper.,2020-11-03,False,49,False
186,year,Because difference entire generation control popular daughter purpose.,2023-04-06,True,48,False
187,six,Trial level air most cultural best.,2021-09-12,True,25,True
188,its,Move dog value establish peace effort recently.,2025-09-10,False,38,False
189,second,Sense agent carry.,2026-04-16,False,46,False
190,number,Focus school media wrong edge particular true.,2025-06-02,True,26,True
191,far,Give ever time director run whatever tonight.,2025-03-05,False,22,False
192,order,Amount over difficult manage.,2021-09-17,False,26,False
193,one,Also personal ground hospital.,2022-04-12,True,45,False
194,information,Firm open ok Democrat might I.,2026-02-14,True,31,False
195,pay,War shake really black.,2024-04-10,True,36,False
196,exist,Marriage likely join and case.,2023-10-18,False,24,False
197,speak,Five executive finally fall fill use imagine.,2025-10-06,False,38,False
198,exactly,Listen under end dog represent question arrive.,2022-07-03,False,48,False
199,each,Room parent bank all our performance.,2025-04-06,False,11,True
200,rule,Husband day try image.,2020-03-13,False,50,False
201,which,Huge financial region coach to not around.,2023-10-23,True,10,False
202,so,Authority subject yes identify somebody.,2020-09-02,True,16,False
203,they,Free whole ahead officer sell.,2025-07-30,False,15,False
204,relationship,Save clear reach issue serious war.,2020-12-06,True,36,True
205,somebody,By street economic water small ten run.,2022-01-07,False,47,False
206,next,Single nearly anything top first.,2022-01-19,True,25,False
207,hotel,Investment language admit whom.,2020-09-13,True,5,False
208,stay,Allow institution rise cause politics let.,2020-02-07,False,45,False
209,example,Call whether behavior issue including.,2024-01-12,True,33,False
210,nor,Authority example including itself.,2025-09-27,False,23,False
211,across,Write young eight remain here commercial return.,2020-06-19,True,15,False
212,wear,Born nothing join environment a.,2021-10-30,False,31,False
213,response,Let simply act cost meet part.,2023-06-09,False,28,False
214,happen,Month company dark tough least store probably.,2022-09-11,True,13,True
215,study,New history personal specific ground article.,2020-06-26,False,13,False
216,station,Office high produce yard carry.,2025-05-13,False,8,False
217,author,Central with building couple research condition dog war.,2021-02-23,False,30,True
218,individual,Already prevent movie pass.,2025-08-07,True,22,False
219,cell,Owner employee sea majority it recently.,2020-08-30,True,11,False
220,pass,Themselves purpose arm else.,2026-02-04,False,9,False
221,sister,Manager this example perhaps allow break president.,2023-05-07,True,25,False
222,view,Picture moment health cultural.,2021-03-15,False,10,False
223,role,Knowledge political eye individual.,2021-01-26,True,46,False
224,both,People stage attack officer those scene think.,2020-12-25,True,10,False
225,challenge,Consider network possible current.,2023-08-29,True,47,False
226,top,Quickly else simple account.,2021-10-29,False,35,False
227,detail,Book happen public set treatment.,2023-03-19,True,35,False
228,agree,Dream he kid risk.,2022-11-30,False,22,False
229,have,Prevent wait meeting process.,2020-05-02,False,29,False
230,month,Environmental respond significant trade wall want visit.,2020-04-24,True,45,False
231,music,Just employee take detail free.,2025-05-18,True,36,False
232,major,Often hot cover region.,2024-11-22,True,39,False
233,people,Section second return what.,2024-10-25,True,29,False
234,after,Fast unit woman environmental serve.,2021-10-28,False,25,False
235,knowledge,Beautiful special sit carry.,2024-08-16,True,38,False
236,offer,Ok production up she.,2023-06-24,True,21,False
237,improve,Born and car identify.,2021-02-01,True,46,False
238,him,Thus recently peace human.,2021-05-21,False,44,False
239,nor,Low exactly walk my only allow.,2026-04-24,True,16,False
240,worker,Kind before mouth strong maintain.,2026-03-03,True,21,False
241,design,True energy quality middle throw building protect.,2024-05-01,False,10,False
242,compare,Move indeed far yard opportunity figure environmental.,2023-11-04,True,41,False
243,star,Threat Mrs animal.,2022-10-01,True,33,False
244,pass,Area practice yourself news land lawyer my summer.,2022-11-22,True,32,False
245,actually,Population look themselves raise truth scientist.,2024-03-28,False,33,False
246,recent,Old physical day standard assume.,2021-10-23,False,40,True
247,campaign,Space face again dinner threat lose floor write.,2021-05-08,True,35,False
248,ahead,List book plan action from.,2020-11-05,True,44,False
249,history,Dinner carry concern recently able old and certainly.,2022-08-09,True,24,False
250,add,Lot particular artist.,2022-08-14,False,31,False
251,something,Language or news despite participant decade.,2024-04-02,True,17,False
252,process,Describe price off structure.,2021-09-18,False,44,False
253,make,Exist first beyond edge.,2023-07-29,True,30,False
254,standard,Improve exactly if bill Republican.,2020-09-29,False,37,False
255,summer,Someone new catch stock if.,2023-04-14,False,47,False
256,everybody,What response begin job fear.,2023-01-22,False,44,False
257,just,Spring support keep.,2025-02-16,False,39,False
258,air,Prepare catch challenge.,2023-06-01,False,44,False
259,little,At close purpose cold either provide star.,2022-02-04,True,24,False
260,able,Star southern when paper office.,2020-03-04,True,8,False
261,couple,Teach show provide citizen shoulder.,2022-02-17,False,50,False
262,human,What film growth election development PM.,2023-04-10,True,6,False
263,none,Bed amount interest lay recognize.,2020-05-11,True,30,False
264,college,Message worry generation candidate drive.,2021-04-16,True,30,True
265,their,Eat science admit behind.,2022-01-19,True,42,False
266,marriage,Write maybe staff quality.,2021-04-09,False,37,False
267,sure,Whole recent stand son prepare.,2022-12-28,False,50,False
268,window,Notice street structure which mission.,2024-02-27,True,46,False
269,blue,North almost manage executive make father enjoy.,2020-01-20,False,35,False
270,partner,Chance occur condition.,2025-09-14,True,43,False
271,suffer,Scientist something front successful.,2026-01-27,False,42,True
272,first,Also allow stuff next place.,2022-10-07,False,37,False
273,less,Share pass wrong fear particular money.,2024-10-25,False,31,False
274,can,Real especially economy thought who.,2021-03-16,False,13,True
275,task,Cold local industry standard traditional.,2023-06-23,True,38,False
276,power,Goal ground run environment forget.,2022-02-21,True,22,False
277,lay,Your factor series happen speak.,2020-10-21,False,35,False
278,exist,Try method feel just.,2023-05-06,True,24,False
279,yeah,Anyone ready sign decision keep very truth.,2023-11-10,True,32,False
280,exist,Opportunity son with morning gun because position.,2024-02-16,False,47,False
281,film,Increase staff laugh support relationship according.,2022-08-03,True,30,True
282,I,Major under play institution organization lay pick.,2025-12-29,True,37,False
283,pick,Send almost media return act.,2025-12-08,False,20,False
284,help,Visit politics begin soon represent both.,2025-02-15,True,23,False
285,fall,Traditional hand bag star rather agent hit.,2025-08-11,False,11,True
286,early,Though power debate growth now.,2021-10-15,False,29,False
287,special,Gas statement somebody official floor increase.,2021-01-05,True,34,False
288,body,Within man very short idea experience it.,2023-03-12,False,11,False
289,feeling,Expect time include region.,2022-02-03,False,15,False
290,current,Evening account picture west team hard agreement.,2024-03-31,True,8,False
291,center,Do both pick opportunity worker before now record.,2022-03-17,False,34,True
292,station,High guy last campaign guy whose tend.,2025-11-15,False,18,False
293,property,Watch for receive class.,2023-02-06,False,24,True
294,artist,Group away trial difficult money black can.,2022-12-03,False,15,False
295,strong,Radio threat whom.,2024-07-11,True,10,False
296,through,Argue form resource paper marriage.,2025-12-30,True,34,False
297,clearly,Simple most theory media against stay class simply.,2020-06-24,False,15,True
298,away,Same third state evidence follow sense beat.,2021-01-12,True,28,False
299,because,Recently detail decision arm nature draw nearly.,2024-12-10,True,23,False
300,across,Or modern again happy.,2025-10-10,False,27,False
301,some,Down tonight ask cold.,2023-05-10,False,17,False
302,white,Each nearly which always long certainly fire.,2022-12-21,True,44,False
303,especially,Fall western catch item.,2023-06-30,False,15,False
304,fly,Agree total far bag.,2022-03-27,False,16,True
305,item,Garden raise never.,2021-01-07,False,47,False
306,on,Movement statement head radio.,2022-07-04,False,27,False
307,whole,Left sing behavior discussion.,2024-04-21,False,38,False
308,strong,Pretty scientist newspaper pull church develop.,2026-03-23,False,23,False
309,since,Behind degree itself method finish indeed long.,2021-04-08,True,30,False
310,health,Enough risk letter.,2020-03-12,True,35,False
311,trouble,Candidate treatment appear good whether.,2022-05-02,True,23,False
312,pick,Total your begin true.,2020-10-26,False,10,False
313,occur,Social occur short cost commercial friend son pressure.,2022-09-24,True,14,True
314,message,Popular least language blood.,2024-12-20,True,30,False
315,entire,Free brother hair single child give.,2023-12-07,True,49,True
316,project,Talk player series land.,2026-03-22,True,8,False
317,risk,Inside during give pull population bed always.,2022-09-21,False,14,True
318,wear,Big sign degree important moment subject.,2021-08-31,True,17,False
319,much,Scene model call part then bar assume.,2024-04-04,True,47,False
320,outside,National score really gun local suggest wonder phone.,2022-01-08,True,12,False
321,after,Like green staff car event respond nearly.,2023-07-26,True,6,False
322,challenge,Place hot itself summer sing now painting.,2026-01-18,False,41,False
323,notice,Professional voice simple including than hot heart.,2025-01-07,False,31,False
324,argue,Result physical some.,2022-08-12,True,34,False
325,task,Growth build body minute score rise.,2025-06-06,False,49,True
326,effort,Election feeling church.,2023-03-12,True,9,False
327,party,Add collection marriage drive likely we put actually.,2026-04-25,False,17,False
328,open,Pretty behavior analysis industry both other eye.,2020-11-07,True,36,False
329,authority,Soon still event.,2023-04-05,True,7,False
330,take,Focus his material maintain couple very movie.,2025-03-01,True,33,False
331,defense,Design force bill leg.,2021-12-11,True,7,False
332,soon,Much structure night in face.,2024-06-27,True,21,True
333,individual,Simply direction work financial claim worry exist.,2024-01-18,True,41,False
334,nice,Home shake the bag animal increase threat sit.,2020-01-27,True,30,False
335,store,Discuss treat catch.,2022-11-07,True,12,False
336,from,Product near pass argue throughout somebody.,2025-10-25,True,28,False
337,true,Interview so common buy must ten later.,2020-04-15,False,30,False
338,again,Issue so century something event poor her.,2025-11-05,True,19,False
339,too,Condition way Republican financial population structure to.,2021-09-15,True,46,False
340,realize,Strong picture send word loss energy Democrat.,2025-07-22,False,23,False
341,pass,Your small money impact receive green.,2025-10-05,True,6,False
342,cover,Behind sister big compare relationship good.,2022-12-18,True,47,False
343,lead,Eye wish couple dark follow natural.,2021-05-18,True,19,True
344,eye,Four fast find our community condition.,2026-02-23,False,34,False
345,half,Dark base reason play network need deep.,2020-02-16,False,30,True
346,later,By role however under program experience.,2021-05-24,False,18,False
347,if,Fall drop thousand floor analysis throughout rate.,2025-04-05,True,43,False
348,house,Lot hold away yes camera partner wall.,2024-10-29,False,29,False
349,machine,Seek at weight image.,2025-10-27,False,7,False
350,many,Happen my with environmental order rate machine.,2025-08-25,False,10,False
351,draw,Good claim report effect task.,2026-04-01,True,19,False
352,reduce,Deep push ask music early shake.,2025-03-15,False,5,False
353,recognize,Spend popular say chair draw people.,2022-02-23,True,14,False
354,defense,Recognize measure wall economy like or particular end.,2023-02-20,False,48,False
355,rule,Yes and yet simple pay majority degree.,2025-10-12,True,23,False
356,manage,See data without myself church.,2020-02-23,True,11,False
357,remember,Evidence notice affect month street point.,2020-07-09,False,41,False
358,police,Together daughter hundred.,2020-04-29,False,43,False
359,middle,Affect back identify without too director.,2021-09-11,False,26,False
360,sea,System evidence meet place could stand.,2024-04-23,False,21,False
361,economy,Beat why person much major score father.,2022-01-07,False,49,False
362,learn,Head contain boy have although.,2020-12-05,False,43,False
363,plant,Single become project health.,2024-06-26,True,35,True
364,former,Section film also term.,2022-11-04,False,15,False
365,then,Structure relationship use minute situation stand without.,2020-04-16,False,23,True
366,need,Indicate lose land.,2021-12-19,True,31,False
367,allow,Accept cost such dinner community feeling number.,2023-01-27,True,21,False
368,fill,Prove him coach truth.,2022-10-03,False,10,True
369,strong,Example common campaign officer particular he nothing.,2024-08-04,True,43,True
370,good,Lot score teacher food since almost contain.,2022-09-06,False,29,False
371,score,Simple method walk.,2021-05-02,True,43,False
372,forget,Rock possible nothing everyone foreign what officer collection.,2022-08-12,False,29,True
373,candidate,Name which everyone officer computer college goal.,2022-01-03,False,12,False
374,international,Week job raise myself toward.,2025-08-31,True,44,False
375,side,All training if.,2024-12-27,True,34,True
376,how,Air commercial something.,2021-06-29,False,7,False
377,painting,Leave anything large analysis law she.,2022-10-04,False,15,False
378,difficult,Beyond site heavy.,2021-01-26,False,48,False
379,without,Pull current deal page.,2022-05-31,False,49,True
380,before,Live talk agency hot sure leave bed go.,2023-12-02,False,6,False
381,read,From themselves possible life tough sure low.,2021-01-18,False,22,False
382,civil,Within blue surface place eight.,2021-01-12,False,38,True
383,seven,Opportunity break note coach investment positive.,2021-03-27,False,48,True
384,hospital,Statement worry cell teach.,2020-12-23,False,40,True
385,reach,Read decision cover town.,2022-11-30,False,11,True
386,customer,Drive especially body.,2021-11-30,False,46,False
387,big,Specific single discuss catch onto class.,2025-09-24,True,45,False
388,high,Campaign exactly apply artist.,2024-01-25,False,11,False
389,four,Fall let box nature mean happy carry.,2021-04-08,True,15,False
390,matter,Benefit car when hear spend.,2021-03-12,False,26,False
391,yard,Machine four relationship community expert indeed administration position.,2020-09-23,False,40,True
392,pass,Himself past contain dinner at star.,2025-11-06,False,44,False
393,marriage,Report time find partner third claim activity.,2021-08-17,False,33,False
394,senior,Heavy other no person scene effect world.,2024-10-24,True,34,False
395,oil,Available generation policy character attorney.,2022-11-05,False,18,False
396,western,Company guy evidence claim enter.,2023-03-16,True,8,False
397,today,Box garden performance nature.,2021-06-12,True,50,False
398,movie,New mother still finish.,2022-04-03,True,37,False
399,skin,Special try player court participant.,2021-11-08,True,20,False
400,out,Ball federal drop nice.,2022-07-31,False,45,True
401,identify,Our support finally tonight leader.,2025-01-01,True,14,False
402,group,Medical tough cost course charge owner both white.,2022-06-18,False,9,False
403,difference,Never believe ball his.,2022-04-10,False,23,False
404,environment,Wife artist among.,2024-11-29,False,8,False
405,large,Run wide admit.,2020-02-20,False,41,True
406,chance,Ago help travel wind ten continue describe.,2022-04-12,True,39,False
407,positive,Before upon and need level catch.,2025-08-18,True,40,True
408,just,Free knowledge almost local huge.,2022-11-08,False,15,False
409,course,Card out wait behind product allow building view.,2021-04-06,True,19,True
410,camera,Political pull ready throw weight recently maybe.,2025-05-12,True,7,False
411,anyone,While various technology couple.,2022-03-30,True,42,False
412,represent,Statement water still nothing.,2021-06-15,True,44,False
413,risk,Head thousand name decide job city.,2025-09-15,False,15,False
414,need,Pass threat particular oil score play pull.,2021-10-26,True,47,False
415,through,Significant on bit.,2025-08-20,False,33,False
416,operation,Under raise anything open during.,2022-08-01,True,8,False
417,fly,Space level purpose response actually.,2021-03-17,True,13,False
418,material,From brother we radio Mr star.,2023-11-07,False,17,False
419,movie,Learn dark PM what west.,2024-01-24,False,49,True
420,around,Each through politics wife.,2021-12-09,False,20,False
421,personal,Measure try reality our require interest meet president.,2023-08-15,False,47,False
422,reduce,Player personal large.,2021-08-11,False,34,False
423,able,Mission trade too church performance its stuff seven.,2024-08-11,True,7,False
424,Democrat,Beautiful room wish life election manager.,2024-09-20,True,46,True
425,skin,Education prevent military suddenly particular.,2021-05-25,True,40,False
426,kid,Measure teacher after radio data market nearly.,2021-10-16,True,34,False
427,third,Deep painting relationship report fish particularly.,2025-09-18,False,40,False
428,measure,Contain worry seem economic however situation behavior.,2024-09-12,True,48,False
429,section,Management authority you rock performance six.,2022-03-30,False,12,False
430,analysis,State against standard understand large.,2020-11-29,False,31,False
431,blood,Both law defense church serious available.,2021-09-02,False,50,False
432,door,Serve yard maintain community language.,2022-07-16,False,9,False
433,door,Debate find feeling themselves protect.,2025-07-24,False,21,True
434,key,At serve individual other stop Mrs future dream.,2022-07-13,False,11,False
435,carry,Concern hit into activity dog together.,2021-10-03,True,25,False
436,receive,Draw plant yard writer.,2020-01-12,False,26,False
437,special,Image character my somebody try.,2024-10-10,False,35,True
438,coach,Along whose together place best.,2023-08-20,True,34,False
439,brother,Per class wear food soon.,2023-02-11,True,7,False
440,great,Guy for management lose.,2024-09-28,False,40,False
441,scene,Political both under doctor mission scientist.,2020-09-25,True,13,False
442,at,Radio enough bit bad.,2025-04-16,False,41,False
443,rich,Nothing pull box everything deal daughter can ten.,2023-01-31,False,44,False
444,want,Physical couple last new.,2025-01-07,False,9,False
445,cost,Walk possible official before movie bring.,2020-02-06,False,50,False
446,expert,Girl subject win western own body.,2021-05-09,False,44,False
447,anything,Majority like few ball new everyone.,2022-01-28,False,25,False
448,evidence,Customer car address quickly.,2023-10-10,False,37,False
449,lot,Design easy situation street total everybody.,2022-10-21,True,13,False
450,memory,Your market effort attorney recent.,2020-11-03,False,30,True
451,cold,Policy position hold cold eye debate see.,2022-03-19,False,38,True
452,agreement,Per service conference fear red.,2020-12-13,False,20,False
453,large,Near eye which today society rather.,2021-02-07,True,31,False
454,consumer,Who or writer.,2020-06-21,False,37,False
455,take,Population politics learn support market.,2022-04-03,False,7,False
456,who,Much simple writer to wish magazine.,2026-03-19,False,49,False
457,friend,Ago quickly ago pressure must thus.,2022-10-29,False,31,False
458,build,Final oil everyone draw good.,2021-09-11,True,50,False
459,high,Full identify social.,2021-10-21,True,28,False
460,production,Remember room Mrs.,2021-07-01,True,23,True
461,instead,Yet entire prepare short better reach wear.,2025-01-19,False,29,False
462,whole,Me condition wear.,2020-07-23,False,20,False
463,change,Lawyer Mr image next address officer member.,2022-08-06,True,37,False
464,product,Three meeting candidate need never improve air.,2021-06-18,False,16,False
465,prove,May get still.,2024-02-01,True,11,False
466,cost,Maintain adult painting.,2022-01-15,False,42,False
467,site,Ever side step for throughout even.,2021-02-04,True,14,False
468,seem,Laugh yeah ever less hear unit wide expert.,2024-01-12,False,39,False
469,strategy,Age full suffer company take culture computer writer.,2022-02-27,False,27,False
470,family,Fish baby lead doctor Congress.,2020-12-10,False,45,False
471,maintain,Field single condition woman appear.,2025-12-22,True,31,False
472,trouble,Least democratic debate measure Mrs campaign hope.,2021-07-03,False,27,False
473,kind,Boy debate start analysis two understand.,2021-02-11,True,15,False
474,fly,Character generation degree agreement attack.,2022-11-20,False,42,False
475,responsibility,Get beyond series and significant hair wait.,2024-04-01,False,21,False
476,continue,Without reduce crime interest particular type social though.,2022-03-13,True,32,False
477,base,Soldier increase owner feel.,2022-06-24,False,43,False
478,run,Reduce return music station.,2023-06-03,True,16,False
479,above,Firm benefit note nation vote minute reach blood.,2023-09-14,False,7,False
480,sure,Young rule risk part soldier something.,2021-11-02,True,44,False
481,pretty,Must society happy husband state drug down fall.,2021-05-04,True,22,False
482,whole,Hotel score weight south.,2021-10-10,False,34,True
483,only,Will believe read look protect.,2023-05-26,False,23,False
484,either,Claim tend office.,2020-06-05,True,26,False
485,speak,Stage good mention drive how all.,2023-04-12,False,12,False
486,single,Camera tough situation difficult country.,2024-10-21,False,8,False
487,something,Stuff sport goal concern red decade catch trial.,2024-04-06,False,28,False
488,laugh,Bank husband range activity determine.,2021-07-09,True,35,False
489,action,Herself book save.,2021-08-29,True,8,False
490,political,Despite tree open sea bar learn current.,2025-09-29,True,22,False
491,better,Role movie early region plant physical woman.,2024-09-13,True,18,True
492,finally,Give majority capital reason.,2025-04-26,False,39,True
493,message,Same into natural store table.,2024-12-08,True,20,False
494,check,Choose business investment natural large hit your.,2022-07-06,True,41,True
495,industry,Seem different against property.,2022-01-27,False,12,False
496,already,Take weight something must prevent.,2022-10-24,False,16,False
497,tend,Enter resource this assume strategy opportunity second.,2026-03-15,True,40,False
498,air,Early production under miss billion.,2023-12-06,True,21,False
499,policy,Individual level human office there significant.,2023-04-06,True,26,False
500,throughout,Financial improve write town challenge between few.,2024-07-18,False,22,True
501,seat,Together value enough reason.,2023-10-02,True,48,True
502,pass,Much imagine risk ground together.,2026-04-03,True,40,False
503,boy,Beat education magazine almost but smile.,2022-01-17,True,34,False
504,environmental,Perform final continue at child ground.,2024-06-27,True,27,False
505,make,Read must into.,2021-09-16,True,39,False
506,talk,Interview probably listen three.,2021-04-17,False,37,False
507,positive,Sea last quite pass meeting mean.,2020-08-27,True,18,False
508,half,Pass individual remain compare able.,2022-05-13,True,23,False
509,pressure,Establish maybe evening spend.,2024-12-16,False,18,False
510,as,Citizen treatment let early open minute.,2020-10-28,False,39,False
511,figure,Test every operation must.,2021-06-29,True,49,False
512,tend,Night instead center line financial carry ever forget.,2025-07-25,False,30,False
513,issue,Finish foot including beat say wait radio individual.,2025-08-04,False,9,False
514,book,Produce ago certainly lot ok many.,2020-09-26,True,23,False
515,plant,Hair hundred simply six story oil know sing.,2025-08-09,False,49,False
516,western,Gas my crime college article respond.,2025-01-22,True,17,False
517,around,Sell past tough.,2020-09-08,False,8,False
518,west,American heart foreign although.,2020-01-10,True,6,False
519,evidence,Letter build front official across year answer.,2025-07-26,False,10,False
520,five,Wonder economy finally.,2023-11-27,False,16,False
521,court,Chair ago worry simply.,2021-06-24,False,26,True
522,off,Open word at always attack hear tend.,2023-11-15,True,18,True
523,career,Bag director item everybody way company offer.,2022-01-21,False,8,False
524,eye,Market dinner design rich even cup state.,2022-08-10,True,22,False
525,down,Control employee smile pay travel ready weight.,2026-03-23,True,43,False
526,chance,Realize director again.,2026-02-17,False,34,False
527,movie,Past health baby project nor see.,2021-04-01,True,24,False
528,or,Spend performance book single field music opportunity.,2023-05-02,True,38,True
529,medical,So happy finish body minute adult.,2023-11-22,False,10,False
530,dark,Believe ok number reflect chance.,2020-11-15,False,33,False
531,imagine,Model no future even carry social.,2022-04-11,True,13,False
532,keep,Add claim plant street education daughter thought.,2025-02-22,False,45,False
533,activity,Sister page develop compare.,2021-01-01,False,43,False
534,training,Prove idea couple stock able family.,2024-10-02,False,12,False
535,president,Upon sound minute partner.,2022-06-22,True,9,False
536,oil,Bed case like.,2022-06-14,True,23,False
537,season,Them resource rather compare then need apply.,2025-03-28,True,43,False
538,often,Nation that understand understand other explain professor.,2025-02-26,True,48,False
539,above,Check same world better.,2026-04-10,False,7,False
540,reason,Onto feeling represent themselves.,2025-08-17,False,34,False
541,amount,Deal head evening let community.,2023-05-14,False,14,False
542,son,Various what feeling heavy side argue.,2020-09-03,True,9,False
543,still,Lead evening number.,2024-11-09,True,33,True
544,strong,Section decade boy else strong.,2022-01-07,False,40,False
545,race,Network common arm authority above.,2020-08-22,True,37,False
546,indeed,Detail hope impact.,2024-10-30,True,47,False
547,lawyer,Officer suddenly expert director.,2023-11-28,False,12,False
548,glass,Method course include field expect image tax fish.,2025-03-17,True,48,False
549,able,Throughout capital finally eight occur.,2023-03-26,True,12,False
550,town,Its can clear probably.,2024-10-21,False,7,False
551,prepare,Entire require Mr whether figure machine along heavy.,2024-10-09,False,15,False
552,suddenly,Side perhaps and.,2020-08-30,True,11,False
553,feeling,Entire of manager technology suffer our mother site.,2025-10-25,False,32,False
554,imagine,Family believe common upon include there.,2025-02-21,False,10,False
555,discussion,Store political week assume arm.,2020-02-13,True,9,False
556,road,Allow above develop staff.,2026-02-04,True,29,False
557,edge,Audience think first.,2023-09-07,False,15,False
558,discussion,Line gas tell side.,2024-02-11,False,46,True
559,central,Real mother nor specific relationship.,2024-06-04,True,39,False
560,news,Kitchen throughout foot yet.,2024-02-23,False,20,False
561,on,Cup nearly through you.,2020-03-30,False,34,False
562,help,Product enough successful news message employee.,2021-06-30,True,9,False
563,kind,Find art positive tree coach.,2024-01-07,False,18,False
564,society,Radio family let traditional truth mean.,2026-02-22,True,10,False
565,discuss,Service police answer.,2025-09-11,False,11,False
566,establish,Pm rise event.,2024-06-30,False,47,False
567,so,Remember player student later play per explain.,2020-11-06,False,50,False
568,less,Himself into interest but light develop.,2025-09-12,False,32,True
569,capital,This method particularly commercial seat affect her decision.,2020-03-12,False,32,False
570,early,Hear book explain team.,2023-06-25,True,32,True
571,purpose,Board next prove free agent debate.,2025-04-18,False,28,False
572,happy,Chance thus term.,2021-03-06,True,37,True
573,within,Drop wrong serve hard network although news.,2025-09-20,True,38,False
574,fall,Suggest hold hard meeting.,2024-09-26,True,42,False
575,miss,Against mother final wear Republican leader.,2025-02-16,False,15,True
576,mean,Understand hold help great.,2021-11-11,True,37,False
577,personal,May oil want various region tend capital.,2022-12-08,True,25,False
578,as,My tend threat real should easy development.,2021-11-05,False,9,False
579,cut,Reach light buy such break.,2020-01-15,False,49,False
580,eat,Already stay claim adult time.,2024-04-21,False,26,False
581,former,Throw there campaign Mrs.,2026-03-16,True,32,True
582,form,Simple great look kind car.,2022-11-22,True,40,True
583,bill,Serious information rest foot.,2020-09-03,True,25,False
584,reality,Production face bed success notice yourself material.,2024-12-22,False,39,False
585,know,Matter avoid father would.,2024-09-22,False,6,False
586,event,Tree focus herself capital well concern worker.,2023-09-07,True,23,False
587,present,Forget admit purpose economy whole sport situation.,2023-11-17,True,19,False
588,grow,Final as natural.,2022-11-08,True,50,True
589,consumer,Check computer yet in choose return simply particular.,2022-11-07,False,20,False
590,drop,Fine explain around go notice agent.,2021-05-08,False,41,False
591,really,Leader now often common hour.,2025-04-19,False,42,False
592,wide,Describe question goal direction while mind.,2020-01-02,True,48,True
593,let,Magazine will may fund.,2026-01-06,False,35,False
594,amount,While them tough arrive protect reach.,2021-07-27,True,22,False
595,know,Site tough happen.,2023-11-03,False,21,False
596,assume,High international in situation.,2023-05-23,False,23,False
597,look,We PM cover every color south pattern.,2021-10-06,True,46,False
598,ahead,Open network rich occur above rise likely describe.,2022-11-19,False,20,True
599,medical,One close write.,2020-10-25,False,40,False
600,take,Voice great name capital without.,2025-04-14,True,12,False
601,pretty,Your old card reach apply range.,2024-01-09,True,35,False
602,tax,Bring top president need dinner just someone agree.,2024-04-13,True,48,False
603,knowledge,Security different box some.,2024-08-02,False,22,False
604,article,White better glass.,2024-08-08,True,40,False
605,what,Teach your father live.,2025-10-21,True,14,True
606,might,Begin issue high.,2023-04-06,False,36,True
607,walk,Enter lot thus across instead political production.,2023-10-26,False,47,False
608,it,Able commercial significant use region.,2025-05-24,True,32,False
609,lawyer,Inside alone theory individual have.,2024-08-13,False,10,False
610,yet,North represent protect book front.,2020-07-23,False,28,True
611,section,Money every party seat.,2021-08-14,False,27,True
612,develop,Imagine management east idea my hair.,2021-03-20,False,11,True
613,likely,Picture include action happen big.,2021-09-03,True,19,False
614,win,Any form support goal major.,2021-09-14,False,32,True
615,himself,Base cup wonder picture eight state wall.,2021-10-13,False,19,False
616,almost,Land people job and affect race safe.,2023-09-10,True,20,False
617,my,Fight future action left open.,2020-05-10,False,34,False
618,anyone,Discuss energy grow senior interest.,2025-05-12,True,37,False
619,thing,Performance record only those walk after gas.,2023-08-18,True,20,False
620,indeed,Song plant all million he style.,2024-07-02,False,33,False
621,how,Happen theory before customer question adult.,2023-03-19,True,24,False
622,crime,Risk arm so my government.,2022-02-21,False,44,False
623,night,Nation need spend.,2021-09-29,True,40,True
624,much,Inside majority top manage seat.,2024-03-02,False,15,False
625,several,Spend animal school there decade face.,2020-06-24,True,23,False
626,hear,Tell hair do pretty truth.,2020-04-24,False,29,False
627,together,Live growth partner.,2025-07-08,True,47,False
628,draw,Push left quite sit.,2026-04-09,False,25,False
629,high,Sit house book every try international.,2021-08-22,False,34,True
630,six,Protect keep situation most modern.,2023-05-31,True,50,False
631,plan,Top firm tree speak.,2020-01-01,True,10,False
632,as,Different animal physical arrive herself newspaper each.,2024-06-25,False,50,False
633,family,Remain with within talk next program forward.,2021-06-07,True,22,False
634,dinner,Travel share debate city buy suddenly sound.,2026-03-12,True,47,False
635,west,Cut respond memory movement painting.,2021-11-16,True,43,False
636,none,Rock instead else court special industry.,2021-01-25,True,27,False
637,bar,Decide majority writer.,2020-07-14,True,45,False
638,say,Particularly southern try particularly fact.,2024-10-21,False,18,False
639,structure,Director ball wind change unit.,2023-07-12,False,50,False
640,represent,Own provide maybe chair event sing look.,2020-06-22,False,47,False
641,defense,We month case the.,2023-01-01,True,40,False
642,top,East relationship risk it.,2023-06-22,True,10,False
643,usually,Thus health eat black.,2022-07-28,False,32,True
644,weight,Themselves on event smile well.,2024-05-11,False,48,False
645,develop,Yourself above true guess meet history.,2025-10-20,True,14,True
646,should,A successful fall personal field reveal.,2020-12-17,False,21,False
647,cover,Change create material question cold table resource.,2025-07-31,False,21,False
648,commercial,Avoid herself upon safe.,2026-04-12,False,11,True
649,than,Stand rule create suffer.,2021-03-28,True,50,False
650,bag,Avoid unit letter movement care.,2025-02-27,False,19,False
651,idea,Career treatment beautiful.,2021-07-28,False,23,False
652,skin,Throughout remember ever body small.,2021-10-13,True,6,False
653,specific,American face base rise though public she.,2025-09-16,False,41,False
654,computer,Me meet safe.,2024-08-08,True,20,False
655,office,Large vote across sense attention.,2021-06-22,False,20,False
656,upon,Authority happen wear low find.,2022-08-22,True,10,False
657,past,Nature it develop responsibility TV.,2020-03-22,False,27,False
658,process,Late during five view he.,2022-11-02,True,50,False
659,fund,Tax say when war well smile go.,2023-01-12,True,33,False
660,loss,Mother allow other level end likely.,2025-08-31,False,9,False
661,music,Development yard service garden.,2020-06-16,True,45,False
662,billion,Your visit Congress.,2026-04-23,True,28,False
663,capital,News however it else.,2021-10-09,False,35,False
664,take,Quite process participant smile which.,2026-04-13,True,40,False
665,low,Happen close art them become audience may.,2022-01-03,False,24,False
666,theory,Manager race leg serve protect.,2024-08-23,True,11,False
667,effect,History Congress young great.,2025-01-23,False,25,False
668,sit,Money speak common admit require.,2023-08-14,True,5,False
669,Mr,All street however will seven.,2022-03-21,True,19,True
670,toward,Organization yourself sea more common.,2020-04-29,False,19,False
671,discussion,Oil unit store other son.,2021-12-11,False,36,False
672,well,Off field road campaign tough.,2022-05-21,True,15,False
673,around,Bank together response community also.,2022-01-27,True,40,False
674,relationship,Eight chance tax something before.,2020-12-24,True,34,False
675,set,Cover wonder trip can great.,2025-08-03,False,12,False
676,mission,Write now their show.,2024-09-24,False,47,True
677,employee,Lawyer often look million series face argue occur.,2025-07-25,True,13,False
678,lot,Administration want series idea data difficult.,2025-09-11,True,17,False
679,in,Green executive another every approach.,2025-11-30,False,13,True
680,main,Up media generation same although threat.,2025-05-20,True,21,False
681,exactly,Score discover will then.,2020-12-20,True,36,False
682,entire,Wait player statement upon wind impact agree page.,2022-06-10,True,46,False
683,attorney,Defense never southern box world base population.,2022-05-18,False,33,True
684,fast,Response dog decide road interview discuss.,2022-01-22,False,48,False
685,gun,Despite evening amount stage common yourself.,2020-09-19,True,45,False
686,rather,Term production threat member myself stuff although.,2020-07-17,False,34,False
687,health,Course step individual any carry.,2023-09-27,True,45,False
688,total,Gas budget heavy now seem century natural manage.,2020-08-07,False,29,False
689,represent,Heart best hand pretty should believe.,2023-05-22,True,36,False
690,town,Before relationship series position.,2023-02-19,False,21,False
691,Democrat,Suddenly human manage heart area star soldier.,2022-02-16,True,43,False
692,arm,Time example relationship the difficult certain.,2021-01-30,True,12,True
693,discussion,Item main spring safe me discussion employee.,2026-03-05,True,26,True
694,recently,Possible there leg too.,2024-11-18,False,45,False
695,happy,Nothing news level everybody order.,2020-07-15,True,5,False
696,discussion,Three already this entire event know teach business.,2023-07-06,True,8,False
697,now,Unit indicate magazine middle leg year important together.,2023-09-17,False,50,False
698,chance,Ten character call become.,2021-10-27,True,21,False
699,night,Drive free Republican view hour fund material.,2020-08-08,False,10,False
700,wish,Tough risk arrive doctor.,2023-01-04,False,27,False
701,doctor,Represent force art certain notice time add.,2025-12-25,True,19,False
702,eat,Collection individual recently.,2026-02-21,True,17,False
703,mission,Raise than behavior half argue knowledge.,2024-06-18,False,39,False
704,right,Although scene almost responsibility pull can.,2021-09-19,False,39,False
705,recognize,Chance public stop happen yard yard.,2021-02-14,True,20,True
706,plant,Receive place control tax.,2021-01-09,False,12,False
707,number,Her against tough job.,2023-02-25,True,8,False
708,feel,Physical government Mrs your reach rise plan.,2025-11-08,True,29,False
709,third,Phone base issue trial protect.,2025-01-29,True,45,False
710,part,Trade yes down show nice series.,2021-05-24,False,24,False
711,majority,Military program money return president friend international.,2023-04-08,False,26,True
712,goal,Sound smile foot reveal.,2023-10-29,True,13,False
713,structure,Ever without run loss region.,2022-08-20,True,7,False
714,our,Late safe computer time.,2025-06-27,False,6,False
715,evidence,Difficult blue reach very though single worry.,2026-02-09,True,15,False
716,compare,Such bar case.,2020-04-07,False,47,False
717,western,National pass effect should animal daughter receive.,2022-09-02,True,5,False
718,during,Sort few increase strong huge important forget.,2021-02-21,False,43,False
719,discuss,Whole picture account view whether.,2025-07-07,False,30,False
720,product,Truth question quite their serious item number her.,2021-01-21,True,29,False
721,a,Each though professor see determine site.,2024-08-24,False,29,False
722,piece,Ever million exactly.,2021-01-20,True,25,False
723,toward,Tough deal bring so.,2022-11-04,False,15,False
724,human,You maybe few half do.,2021-04-09,True,33,False
725,year,Ahead them dog hope never would challenge.,2023-11-03,False,44,False
726,well,Machine loss open continue dream suggest sell.,2023-05-24,True,29,False
727,bring,Shake plan whatever face.,2024-04-16,False,36,True
728,push,Benefit individual person responsibility of key other.,2025-11-06,False,32,False
729,yes,Officer green perform year.,2020-10-15,False,39,False
730,project,Wife book son sit share perform.,2023-02-11,True,13,False
731,design,Program kitchen employee the be.,2024-09-22,True,43,False
732,probably,One Republican which college teacher various worry.,2020-06-30,True,43,False
733,certain,Many anyone child measure reach near seem.,2022-12-23,True,35,False
734,serve,Nice specific program travel.,2022-05-23,True,19,False
735,require,Many add sister.,2020-01-20,True,14,False
736,report,Dream choice officer later capital.,2026-02-23,True,39,True
737,team,Sure important have but hospital themselves conference wonder.,2023-07-10,True,42,False
738,loss,Wrong fire agency cold direction total.,2022-09-30,True,26,False
739,feel,Administration use take boy bank.,2020-06-01,False,21,False
740,decide,Their like short may edge husband low election.,2020-10-02,True,30,True
741,way,Myself several recognize every capital western true staff.,2021-05-31,False,40,False
742,situation,Serious every apply room nature.,2021-07-15,False,16,False
743,place,Since improve follow enter.,2022-12-06,False,13,False
744,television,Player suddenly offer usually material.,2020-03-23,False,27,False
745,decide,Evidence avoid traditional figure agency same serious.,2023-06-23,True,19,False
746,start,Challenge case environment person hard.,2023-06-07,False,36,False
747,part,Know white garden value everyone.,2025-06-19,True,33,True
748,term,Million analysis similar Congress something region.,2022-07-14,False,23,False
749,team,Pressure human instead without.,2021-07-10,True,39,True
750,us,Career phone give magazine the.,2022-06-30,False,9,False
751,magazine,Finally herself our late.,2025-03-12,True,21,False
752,visit,Writer all more voice.,2020-05-12,False,13,False
753,analysis,Entire development future control actually recently.,2025-07-29,True,18,False
754,story,Risk true serve series.,2024-02-21,True,17,False
755,fear,Common beautiful that reflect great we.,2023-10-26,True,18,False
756,order,Material natural attack medical.,2022-02-21,False,9,False
757,paper,Former feeling machine make put morning.,2024-05-14,False,21,False
758,join,Professor itself couple within response card run.,2024-10-28,True,48,False
759,some,Speech budget sign every few.,2025-03-28,True,6,True
760,certain,Case provide once western common police.,2023-02-01,True,33,False
761,avoid,Especially thing hope want.,2023-09-11,False,25,False
762,technology,Somebody member cup western.,2020-08-07,False,33,False
763,hit,Language series radio company.,2020-08-12,False,5,False
764,future,Whom thank situation.,2022-06-01,False,29,False
765,American,While identify movie.,2024-03-04,False,23,False
766,country,Office industry involve event deal week experience.,2022-06-26,True,35,False
767,pattern,Important along trip around agent able realize baby.,2021-10-02,True,31,False
768,decision,You around do moment hear back simply music.,2022-07-24,True,48,False
769,second,Clear read research however meeting expert.,2022-11-03,True,17,False
770,glass,Nature likely television young because far for.,2020-04-07,True,48,True
771,suffer,Future money single amount speech can.,2021-02-02,True,33,False
772,meeting,There past knowledge country as.,2025-03-01,True,22,False
773,performance,Place travel really kind final hit car wall.,2020-02-10,True,49,False
774,eye,Strategy garden her mother standard rock.,2025-09-10,False,21,False
775,represent,Crime fine rule her fly.,2022-11-14,True,39,False
776,future,Benefit dream media.,2023-12-15,True,30,False
777,protect,Half either hope.,2020-04-17,True,28,False
778,commercial,Long onto case guess size stand set.,2025-01-09,False,50,False
779,think,Amount join power account glass source technology.,2023-11-20,True,37,False
780,deep,Watch claim matter dream hit marriage.,2023-01-06,True,41,False
781,people,Page center politics time.,2026-02-07,True,39,False
782,edge,Leader none know either everybody oil always push.,2022-08-30,True,33,False
783,process,Democratic eye feeling record truth.,2020-09-04,False,36,False
784,summer,Risk difficult thing agent only someone.,2025-11-29,False,47,False
785,try,Feeling knowledge west all away.,2020-06-23,True,5,False
786,fight,Class example mouth use back.,2022-02-22,False,36,False
787,camera,Century summer approach avoid eat me major whether.,2023-08-07,True,17,False
788,could,At part campaign serve successful white might.,2025-02-03,True,44,False
789,baby,Understand where military factor cold loss.,2024-10-06,True,48,False
790,identify,Most must bit stop performance foot laugh onto.,2020-03-22,True,38,True
791,then,Ask rate through attention occur admit poor.,2022-01-15,False,48,False
792,child,Student indicate control language only.,2023-03-31,True,25,False
793,act,End church stock fill.,2021-10-29,False,48,False
794,on,Fund director use himself green across same.,2023-06-24,True,9,True
795,vote,Tend to wait thousand open major before.,2026-04-22,True,33,False
796,deal,Him statement change rich.,2024-04-10,True,43,False
797,moment,Pretty always cup many project artist score medical.,2023-01-31,True,19,False
798,up,Contain third group.,2026-02-04,True,31,False
799,almost,Impact game top.,2025-08-11,True,41,True
800,tree,Maintain dinner time well war remain.,2021-01-21,False,39,True
801,analysis,Simple hold their morning including huge.,2020-02-19,False,17,False
802,medical,Prevent father plan vote imagine media sit.,2025-07-04,False,9,True
803,piece,Factor we camera week adult.,2025-12-14,True,38,True
804,significant,Stay morning beautiful without.,2022-12-06,True,24,False
805,style,Local yourself health child go them compare.,2024-02-10,False,42,False
806,purpose,Garden recognize compare suggest stage order shake.,2020-03-06,True,20,False
807,as,Manage clearly so wall develop actually record compare.,2020-08-24,True,9,False
808,people,Rise store modern act land food.,2023-05-03,False,7,False
809,population,Land environment reach nor begin occur.,2021-12-15,True,43,False
810,kid,Risk parent argue serious food.,2025-07-26,False,48,False
811,film,She until religious while.,2024-04-16,False,8,False
812,suffer,Such treatment agent administration high behavior him particularly.,2026-03-31,True,16,False
813,type,Defense herself baby north without material similar suggest.,2022-10-15,False,30,False
814,image,Audience dream like over.,2025-02-12,False,29,False
815,become,Set church stop push value positive cold walk.,2021-08-09,True,30,False
816,surface,Right camera real field as recently remember.,2022-06-16,True,11,False
817,stage,Push value clear mouth southern bill.,2022-07-29,False,27,False
818,identify,Play hospital authority doctor exist Mr decide.,2020-08-23,False,47,False
819,lawyer,Magazine treat guy prevent business would.,2023-10-19,False,12,False
820,medical,Case sense doctor agree describe care develop.,2025-12-26,True,18,False
821,best,World price east read might.,2022-11-10,True,45,True
822,town,Attorney relate standard may pressure coach positive.,2021-03-29,True,47,False
823,fast,Fire process candidate role amount PM.,2024-01-20,False,16,False
824,ahead,Either pick bar quite.,2023-12-23,False,5,False
825,sport,Democrat serious off wish question anything environmental tell.,2025-10-23,True,38,False
826,chance,Size kid reveal expert.,2022-10-15,False,7,False
827,between,Local word bit each.,2025-07-13,False,30,False
828,since,Travel state chair both.,2026-02-27,False,14,True
829,Republican,Approach city rise thus interest.,2025-06-03,False,37,False
830,apply,Remain unit Republican.,2021-06-19,False,46,True
831,chair,Even develop certain season four field.,2025-07-28,True,6,False
832,amount,Similar third world there direction.,2026-03-23,True,32,False
833,eat,There add manager at.,2024-03-21,True,29,False
834,prepare,May prepare sort you.,2026-01-26,False,34,False
835,manage,Enjoy address perhaps shoulder side investment here magazine.,2025-01-04,False,37,False
836,American,Trip well follow.,2022-12-08,True,23,False
837,how,Record political than.,2020-11-24,False,38,False
838,director,Explain religious his.,2025-04-16,False,14,False
839,chair,Bring pull fall fill water use billion.,2023-12-09,False,7,False
840,girl,Wind another us notice.,2024-05-28,True,27,False
841,few,Increase region never like stop vote recently.,2023-12-18,True,27,False
842,factor,Operation occur happy born fall special.,2025-06-02,True,6,False
843,some,Increase measure term.,2020-12-26,True,36,False
844,owner,When goal occur.,2022-10-05,True,42,False
845,spend,Such find pick its cost American coach.,2024-08-24,False,5,False
846,local,Some job admit interview practice film.,2020-10-20,True,6,False
847,stock,Bring machine table now nice enjoy.,2022-05-21,False,34,False
848,summer,Ready population never hold traditional.,2025-04-28,False,6,True
849,state,Lot teacher fine like discussion off last car.,2022-05-29,False,10,False
850,mean,Reflect cold standard they loss Congress.,2022-07-22,False,5,False
851,say,Pass support significant.,2020-12-09,False,10,False
852,force,Situation factor live even politics.,2022-05-09,True,7,False
853,increase,Degree agree opportunity reach.,2025-12-28,True,15,False
854,surface,Level try choose customer the.,2023-12-26,False,22,False
855,allow,For a from where PM establish majority middle.,2022-04-11,True,45,False
856,respond,Our nature former indeed.,2025-02-17,True,44,True
857,home,Eight parent north shake effect treat.,2022-10-12,False,19,False
858,teach,Imagine drive live sort doctor finish.,2022-03-11,True,25,False
859,soldier,Outside travel control wall half condition.,2021-03-19,False,46,False
860,sell,Measure fill material drug bed phone.,2021-05-31,False,43,False
861,truth,Billion buy whose capital.,2022-06-09,True,50,False
862,model,Rich what allow individual admit.,2022-09-21,False,43,False
863,his,Assume visit choose their cup analysis letter.,2024-05-30,True,33,False
864,nice,Person goal than yard drop.,2022-06-02,True,35,False
865,product,Now certain task.,2023-11-04,True,25,False
866,difference,Dog coach first move contain catch mention.,2022-01-25,True,45,False
867,main,Practice mother situation.,2024-06-23,True,50,False
868,attack,Almost if it.,2024-09-17,False,39,False
869,end,Give clear bag despite same agency western.,2021-09-28,True,44,False
870,air,Decide remember candidate.,2021-06-08,False,6,False
871,feel,Film much might account real.,2024-03-14,False,43,True
872,water,Describe from news week wife produce.,2021-01-12,True,22,False
873,understand,Really probably since business they mission baby.,2024-05-27,True,39,False
874,tough,From catch strategy worker.,2024-01-07,True,28,False
875,growth,Tax today drop item.,2024-12-25,True,30,False
876,treat,Financial adult true total vote despite.,2023-11-05,True,21,False
877,outside,Notice science arrive avoid by walk growth probably.,2020-05-17,True,18,False
878,with,Remember scientist interest professor seem.,2021-06-14,False,36,False
879,artist,Staff finish hand turn.,2022-08-23,False,32,False
880,blood,Other there matter fill.,2024-03-09,True,38,False
881,education,Or direction short these break threat capital.,2021-04-16,True,6,False
882,area,Foot artist share series poor ten daughter.,2020-06-10,True,6,False
883,capital,Decision will billion could cell.,2025-01-14,True,46,True
884,whether,View direction political say ground seek.,2023-12-05,False,25,False
885,talk,Glass hit nature behavior girl.,2025-04-18,False,14,False
886,quite,Probably its special use whose debate key.,2021-07-15,True,5,False
887,whole,Quickly official simply like.,2020-09-27,False,23,False
888,short,Success task grow.,2023-08-30,False,49,False
889,loss,Owner either very time piece peace.,2024-08-13,False,29,False
890,always,Including wall car machine create customer.,2026-04-17,True,21,False
891,take,Ok eight our color budget computer.,2022-02-28,True,35,True
892,side,Analysis station develop there job remember have.,2025-04-06,False,19,False
893,debate,Population top win factor amount dark.,2025-09-11,False,36,False
894,for,Hear also throw really building civil about.,2020-11-29,False,9,False
895,history,Center address always wall.,2020-07-06,True,26,False
896,campaign,Sound kind approach station.,2020-01-14,False,46,False
897,see,Charge around gas each administration.,2020-09-10,True,13,False
898,relationship,Key concern agency.,2020-02-13,True,43,False
899,fear,Itself officer ground only address page plant.,2020-04-29,True,38,False
900,high,Kind third list probably.,2024-12-28,True,29,False
901,central,Notice can paper between reach miss worker quite.,2022-07-05,False,36,True
902,attention,Point style up owner.,2023-02-26,True,50,True
903,very,Degree education establish these item lawyer choose past.,2024-04-22,True,28,False
904,picture,Civil technology green experience.,2021-01-16,False,18,False
905,school,Anything five nation whose.,2024-12-25,True,41,True
906,low,Want general today surface station.,2024-02-25,False,26,False
907,anything,Piece change guess design believe wall large.,2021-05-02,False,43,False
908,single,Pay information heavy manage it.,2023-06-28,True,13,False
909,hair,Gas everybody owner television evening life.,2021-01-16,False,6,False
910,blood,Really hair off edge then challenge.,2020-08-18,False,19,False
911,prove,About everyone above interview way against.,2020-02-26,True,21,False
912,account,Rest need prove hard.,2024-06-03,True,19,False
913,cut,Individual recent here.,2020-06-28,False,19,False
914,receive,Real chair thought before but must.,2020-10-24,True,38,False
915,rise,Very turn collection reflect quite.,2021-08-08,True,9,False
916,student,Hair world trade relate past.,2020-08-05,True,47,False
917,support,Certainly door require third.,2024-06-23,True,9,False
918,executive,Although outside skin fall.,2024-08-30,True,47,False
919,enough,Different style product star personal bad.,2025-11-09,True,43,False
920,certainly,Call wife in international rise last may.,2021-11-07,True,13,False
921,build,Year special both.,2023-05-06,True,48,False
922,minute,Campaign group fear allow different.,2022-07-03,True,14,False
923,help,Read agency receive travel stage peace star.,2024-09-13,False,49,False
924,summer,Common there east mission little about.,2026-02-27,False,16,False
925,seek,Create picture away.,2025-08-18,False,44,False
926,someone,Value where often property leg can.,2023-11-20,True,35,True
927,finish,Drive foot send hot.,2024-01-16,True,5,False
928,yes,Property some term return product here resource.,2022-03-14,False,23,False
929,so,Turn area bank management space not agreement.,2021-01-12,True,6,False
930,fly,Bar it college very suddenly others newspaper.,2023-11-25,True,34,False
931,member,Blue issue defense radio party appear.,2023-02-22,True,25,False
932,act,Suggest difference order measure we example before foreign.,2023-06-25,False,48,True
933,style,Amount defense history figure.,2025-05-19,False,50,False
934,democratic,Second point effort single heavy education.,2023-10-23,False,26,False
935,oil,Position major dog.,2024-10-01,False,20,True
936,note,Guess recognize yet young money sound.,2025-12-03,True,24,False
937,water,Us environmental throughout single.,2023-12-02,True,8,True
938,watch,Do of learn research.,2026-01-08,False,35,False
939,institution,Yeah laugh fill walk writer difficult.,2025-02-28,True,10,False
940,first,Might ask method who dream station.,2021-05-10,False,45,False
941,establish,Main serious staff prove bank which yourself.,2021-09-22,False,48,False
942,program,Tv bad nice among rate.,2020-04-05,True,31,False
943,have,Sing respond hotel center leave analysis over line.,2024-10-22,True,37,False
944,story,They wall teach shake notice through.,2021-02-26,True,41,False
945,carry,Cell right blue impact term.,2021-05-23,True,41,False
946,bad,Property no federal believe.,2022-07-28,False,29,False
947,team,More claim detail such to determine western.,2025-05-12,True,23,True
948,close,Decision more simply drive hair.,2023-11-21,True,12,False
949,shoulder,Week investment green part age threat.,2020-04-10,False,19,False
950,skill,Now put student author across.,2023-09-22,False,30,False
951,shake,Skin site suffer process.,2025-06-17,True,46,False
952,entire,Fear commercial reduce religious us defense season.,2026-02-03,False,29,False
953,raise,Father every charge financial it former message than.,2020-10-17,True,46,False
954,discover,Move degree official plan through commercial compare.,2020-06-15,True,18,False
955,kid,Civil usually always ten late.,2022-06-24,False,11,True
956,event,Simple also goal gas good.,2020-02-16,True,18,True
957,radio,News draw very break himself.,2020-07-09,False,10,False
958,consumer,Ever quite stay say guy toward by.,2021-01-01,True,23,False
959,attack,Me defense face dog.,2025-11-08,False,46,False
960,third,Dog involve growth control ok majority project.,2026-01-13,False,34,False
961,best,Particularly wall but training hotel.,2025-03-19,True,6,False
962,marriage,Spring opportunity someone wish factor.,2022-09-01,False,29,False
963,film,Just concern education almost represent hundred assume down.,2022-07-16,True,14,False
964,among,Condition kitchen drive after eight.,2020-08-31,False,21,False
965,involve,Animal learn run room year build movie feeling.,2021-05-31,False,49,False
966,both,Offer everyone eight although best computer strategy.,2020-10-03,False,10,True
967,north,Treatment ahead enough specific easy.,2026-03-25,False,49,False
968,feeling,Behavior place cup find each enter national.,2025-01-14,False,18,False
969,property,Member pretty bar sure radio animal experience.,2020-09-09,False,29,False
970,technology,Cause beautiful office teacher side including.,2021-01-19,True,49,False
971,us,Another put according rest clearly.,2024-05-05,False,16,False
972,expect,North network person nearly peace tend real.,2024-10-27,True,31,True
973,cost,Throughout center help design writer price race.,2022-04-13,False,45,True
974,there,Method itself key production product author.,2025-01-09,False,35,False
975,very,Employee six north star professor voice.,2020-04-11,True,24,True
976,right,Consumer front add along join machine attention.,2021-05-10,True,6,False
977,itself,Analysis house thought our ok.,2023-07-06,False,50,False
978,event,Our he consider tend.,2022-03-03,True,21,True
979,night,Daughter finish art.,2020-06-24,False,35,True
980,suggest,Unit cut level specific worker under.,2024-03-23,False,25,False
981,together,Evidence pull generation space mind.,2022-08-04,True,14,False
982,institution,Work life strategy successful may personal bank.,2026-04-15,True,23,False
983,chance,See house toward medical garden blood music budget.,2020-12-04,True,34,True
984,analysis,Begin try human life range.,2020-08-08,False,8,False
985,sort,Organization society campaign himself although market.,2021-03-18,True,17,False
986,true,Three conference each president.,2021-10-15,False,39,True
987,pass,Would at girl two.,2023-05-10,False,15,False
988,around,Foreign already realize cost similar.,2024-10-01,True,11,False
989,black,Career strategy present huge.,2023-04-26,False,40,False
990,green,Weight because success room money behavior.,2024-07-01,False,45,False
991,government,Physical store meet focus PM per poor.,2021-01-18,True,36,True
992,pay,Growth camera first whether ever decade garden method.,2025-07-15,False,16,False
993,fly,Kitchen hotel collection find recent coach happy loss.,2024-06-26,True,39,False
994,since,Soon public recently.,2020-02-17,True,36,False
995,determine,Include necessary of forget long though.,2020-06-22,True,44,False
996,coach,Early production activity body tell.,2023-12-29,False,39,False
997,quickly,Account common seem.,2023-03-02,False,35,False
998,power,Although perhaps exactly game current less.,2024-03-03,True,49,True
999,result,Pretty strong police public national machine.,2023-02-16,False,40,False
1000,pick,Card current step baby claim evidence yeah.,2020-03-12,False,46,False
