post_id,caption,fecha,tipo,privacidad,hashtags
1,Them meet myself out month popular material.,2021-05-06,share,public,"#music,#fun"
2,Water million drive whom whole market.,2021-03-07,share,public,"#music,#fun"
3,Central artist show total ground tend dream.,2023-12-22,music,public,"#music,#fun"
4,Law stand right sign question black.,2025-07-05,recommend,public,"#music,#fun"
5,Among black model foreign.,2025-09-22,recommend,public,"#music,#fun"
6,Off high couple include daughter.,2024-03-07,recommend,private,"#music,#fun"
7,Realize exactly kitchen affect likely serve threat decade.,2022-04-28,music,public,"#music,#fun"
8,Back something five.,2025-09-05,recommend,public,"#music,#fun"
9,Security Congress speech five hope.,2020-03-28,recommend,private,"#music,#fun"
10,Myself particular white Democrat.,2025-12-18,recommend,public,"#music,#fun"
11,Cultural treatment husband indeed around shoulder section soon.,2020-09-30,recommend,public,"#music,#fun"
12,Despite event purpose skin professional again since ten.,2024-07-03,recommend,private,"#music,#fun"
13,Dark control they director particularly prove agreement great.,2025-11-06,music,private,"#music,#fun"
14,Why challenge figure record question.,2021-06-15,recommend,public,"#music,#fun"
15,Sign face rate once trouble.,2021-05-04,recommend,private,"#music,#fun"
16,Environmental west kind first.,2023-12-04,music,public,"#music,#fun"
17,Blue east sound wish.,2024-11-28,recommend,private,"#music,#fun"
18,Talk forget situation stuff because economic.,2022-03-01,music,public,"#music,#fun"
19,Prove act herself visit though table use.,2022-11-06,share,private,"#music,#fun"
20,Red measure like.,2025-07-28,recommend,private,"#music,#fun"
21,Policy try say energy us boy.,2022-08-22,recommend,private,"#music,#fun"
22,Administration lay fish sister him.,2025-12-26,recommend,public,"#music,#fun"
23,Financial security feel thought billion who audience ground.,2022-10-09,music,private,"#music,#fun"
24,Here drive single try gun middle.,2026-01-30,music,private,"#music,#fun"
25,Ready month accept admit part program.,2023-06-25,recommend,public,"#music,#fun"
26,Have itself sell unit while cost country.,2023-05-07,recommend,public,"#music,#fun"
27,Sport laugh continue nearly.,2021-07-30,share,public,"#music,#fun"
28,Establish western night prove.,2023-02-24,music,public,"#music,#fun"
29,Low agency discuss.,2022-04-19,music,private,"#music,#fun"
30,Picture available new.,2022-04-19,recommend,public,"#music,#fun"
31,Heavy social live enough budget consider human.,2020-12-10,recommend,private,"#music,#fun"
32,Employee show few claim pressure last.,2020-02-18,share,private,"#music,#fun"
33,Mr father international view.,2021-11-11,share,public,"#music,#fun"
34,Hold mother forget within art hear.,2020-01-09,music,private,"#music,#fun"
35,Success with live work kind month.,2020-10-29,recommend,private,"#music,#fun"
36,Mission election manage notice threat miss prove.,2022-11-16,share,public,"#music,#fun"
37,Attorney red such allow improve article kid.,2022-09-25,recommend,public,"#music,#fun"
38,Four part head heavy tough floor.,2025-02-12,share,public,"#music,#fun"
39,Agent artist college mind during PM.,2021-05-09,music,private,"#music,#fun"
40,Piece than vote which view local north.,2025-04-23,recommend,public,"#music,#fun"
41,Administration large wide its yourself.,2021-03-06,music,public,"#music,#fun"
42,Door expect subject image.,2022-04-05,share,public,"#music,#fun"
43,Here upon speak machine foot.,2023-06-25,music,private,"#music,#fun"
44,Hard think entire dog.,2023-11-18,music,private,"#music,#fun"
45,Relate discuss carry only.,2020-02-06,recommend,public,"#music,#fun"
46,Able on notice.,2025-04-09,music,private,"#music,#fun"
47,Lawyer again week bad shoulder animal agency account.,2026-02-22,music,private,"#music,#fun"
48,Also enjoy note night apply.,2022-05-01,share,public,"#music,#fun"
49,Movement strong million film beyond.,2023-12-15,recommend,private,"#music,#fun"
50,Listen into kitchen night attorney.,2021-05-31,recommend,public,"#music,#fun"
51,Common into politics evening indeed.,2023-08-06,music,public,"#music,#fun"
52,Month ready finish for.,2021-03-27,recommend,private,"#music,#fun"
53,With share yourself market leg.,2024-04-08,share,private,"#music,#fun"
54,For class place strategy bag for.,2023-09-07,recommend,private,"#music,#fun"
55,Different important onto yourself population win air.,2023-06-02,share,private,"#music,#fun"
56,Fund school son put.,2025-08-02,recommend,public,"#music,#fun"
57,Citizen region company size could involve.,2020-02-24,share,public,"#music,#fun"
58,Within too imagine name company avoid discuss.,2024-12-31,music,private,"#music,#fun"
59,Pass hard understand month only strong.,2022-07-15,share,private,"#music,#fun"
60,Enter action find court from guess court size.,2024-09-10,music,public,"#music,#fun"
61,Provide family forward future interesting case partner trip.,2022-02-25,music,private,"#music,#fun"
62,Southern dream chance vote.,2022-09-11,music,private,"#music,#fun"
63,Public or listen catch.,2020-12-21,recommend,public,"#music,#fun"
64,Compare open our than.,2020-04-05,recommend,public,"#music,#fun"
65,Bill pretty dinner.,2022-09-01,music,private,"#music,#fun"
66,Great upon evening under.,2022-07-04,recommend,public,"#music,#fun"
67,Chance answer political decade student method key that.,2023-03-24,share,public,"#music,#fun"
68,Physical work body line human feel himself.,2020-02-13,recommend,public,"#music,#fun"
69,Home seek rise.,2020-12-14,recommend,public,"#music,#fun"
70,Write able foot itself.,2023-03-25,share,private,"#music,#fun"
71,Since take scientist stuff employee way star long.,2024-09-19,music,private,"#music,#fun"
72,Scientist art anything hour size among within.,2020-08-07,recommend,public,"#music,#fun"
73,Condition nation social government.,2025-03-02,recommend,public,"#music,#fun"
74,Body message each body performance dream finally.,2022-02-05,music,private,"#music,#fun"
75,Scene pass skin western star.,2023-01-07,music,public,"#music,#fun"
76,Usually hold mind crime test interest.,2025-01-22,music,public,"#music,#fun"
77,Away serve enter add happy free.,2026-02-19,music,public,"#music,#fun"
78,High fear probably laugh.,2022-02-11,music,public,"#music,#fun"
79,Continue stuff rich painting dark stand.,2025-11-16,music,private,"#music,#fun"
80,Often hundred three alone hair degree point.,2023-05-02,share,public,"#music,#fun"
81,Often free enjoy detail seven spring.,2023-03-25,music,private,"#music,#fun"
82,Once foreign environment late join.,2025-02-21,music,public,"#music,#fun"
83,Former now event recognize although.,2025-12-24,music,public,"#music,#fun"
84,Reflect option once treat.,2024-08-27,recommend,private,"#music,#fun"
85,Ahead learn sing.,2023-05-16,share,public,"#music,#fun"
86,Seat commercial sure total head should.,2021-01-24,music,public,"#music,#fun"
87,Hundred truth girl professional.,2021-11-26,recommend,public,"#music,#fun"
88,Tough major scene Congress.,2025-03-17,recommend,private,"#music,#fun"
89,Oil already close manage top watch.,2020-12-11,music,private,"#music,#fun"
90,Resource dog these paper technology a operation.,2024-07-12,share,public,"#music,#fun"
91,Body travel film maintain use allow fact.,2024-11-17,recommend,public,"#music,#fun"
92,Order station can huge.,2025-09-02,recommend,public,"#music,#fun"
93,Good represent south worry only reach term try.,2024-09-20,music,public,"#music,#fun"
94,Best skin such responsibility take agreement.,2026-03-26,share,public,"#music,#fun"
95,Though sure certainly after offer late.,2022-11-08,share,public,"#music,#fun"
96,Out minute his huge serve someone fact.,2022-11-03,share,public,"#music,#fun"
97,Poor remember with dark unit some data.,2026-03-27,recommend,private,"#music,#fun"
98,Real color article raise.,2021-09-26,share,private,"#music,#fun"
99,Gun way everything court across.,2020-10-19,music,private,"#music,#fun"
100,Away produce skin certain.,2023-07-06,music,public,"#music,#fun"
101,Individual speech woman necessary brother relationship home painting.,2021-03-24,recommend,public,"#music,#fun"
102,Movie certain technology own to clearly red.,2025-06-26,music,public,"#music,#fun"
103,May green either deep growth.,2020-11-04,recommend,private,"#music,#fun"
104,Result bag much them energy necessary.,2020-10-01,recommend,private,"#music,#fun"
105,Likely rest shoulder plan.,2025-07-02,recommend,public,"#music,#fun"
106,Story response low magazine fly consumer sound life.,2025-06-05,share,private,"#music,#fun"
107,Set property hand each issue history.,2020-07-21,recommend,private,"#music,#fun"
108,Act decade top deal.,2023-08-20,music,public,"#music,#fun"
109,Much page sound structure firm role response.,2021-04-03,music,public,"#music,#fun"
110,Every pay black.,2022-09-03,recommend,private,"#music,#fun"
111,Why example interest yet particularly.,2025-07-19,recommend,public,"#music,#fun"
112,Find name exist indicate throw onto entire cup.,2024-08-22,share,private,"#music,#fun"
113,Protect fast woman.,2021-03-05,music,public,"#music,#fun"
114,Song name almost front.,2023-11-03,music,private,"#music,#fun"
115,Trade why wife worker bank benefit site.,2021-08-14,music,public,"#music,#fun"
116,View around budget grow either same.,2022-01-05,recommend,public,"#music,#fun"
117,Leave garden positive interview.,2026-02-18,music,private,"#music,#fun"
118,Bill big whole room source old property.,2025-12-20,share,public,"#music,#fun"
119,Certainly drug key here table.,2023-11-23,music,private,"#music,#fun"
120,Beautiful protect follow short.,2020-07-23,share,public,"#music,#fun"
121,Ahead project phone figure.,2020-02-05,recommend,private,"#music,#fun"
122,Science see thank others.,2023-01-05,recommend,private,"#music,#fun"
123,Age partner front quite pay free something network.,2020-07-24,recommend,public,"#music,#fun"
124,Scientist nature million state.,2021-04-27,share,private,"#music,#fun"
125,Program bag live apply to tough charge.,2025-12-21,music,private,"#music,#fun"
126,On might better film board work point.,2023-08-20,recommend,private,"#music,#fun"
127,Ground beautiful movie activity garden.,2024-10-26,music,private,"#music,#fun"
128,May may itself tend teacher soon.,2023-03-29,music,public,"#music,#fun"
129,Break floor guy policy he window whether.,2022-08-05,music,private,"#music,#fun"
130,Church ten three take day reflect.,2025-10-24,recommend,public,"#music,#fun"
131,Level friend must white particular maintain health.,2022-02-23,share,public,"#music,#fun"
132,Want site her risk.,2021-04-29,share,private,"#music,#fun"
133,Culture number black strong suffer kitchen.,2021-11-28,recommend,private,"#music,#fun"
134,Writer set various job.,2024-03-09,share,public,"#music,#fun"
135,Reason according language such into.,2020-12-31,music,public,"#music,#fun"
136,Tax capital question drop century.,2020-11-12,recommend,public,"#music,#fun"
137,Degree listen exist wear season or PM.,2022-08-24,share,private,"#music,#fun"
138,Bad wonder series finally ground stop himself force.,2020-06-15,music,private,"#music,#fun"
139,Each compare catch half boy table security.,2024-07-28,recommend,private,"#music,#fun"
140,Buy find police land.,2023-04-17,share,private,"#music,#fun"
141,Other effort pass cup reveal.,2025-03-26,music,public,"#music,#fun"
142,Half society star dinner.,2020-06-25,recommend,public,"#music,#fun"
143,Letter month girl quality.,2021-11-07,share,public,"#music,#fun"
144,Recent people without drug late represent their.,2022-10-20,share,private,"#music,#fun"
145,Sister since head specific.,2021-04-28,recommend,private,"#music,#fun"
146,Sense light six open.,2020-07-26,music,public,"#music,#fun"
147,Environment writer various four party create north.,2025-07-18,music,private,"#music,#fun"
148,Forward huge finally law charge blue.,2024-06-15,music,public,"#music,#fun"
149,You herself structure foreign.,2024-11-04,recommend,public,"#music,#fun"
150,Water save rate everybody point create.,2020-07-01,music,public,"#music,#fun"
151,Determine future billion receive out another.,2024-06-06,music,private,"#music,#fun"
152,Red sort guess media front experience.,2024-08-27,music,public,"#music,#fun"
153,Source reveal meet discover could.,2026-04-03,recommend,private,"#music,#fun"
154,Understand course million understand image order news.,2021-02-13,share,public,"#music,#fun"
155,Box natural bag.,2021-10-31,music,public,"#music,#fun"
156,Edge doctor standard low pressure bed.,2021-06-26,music,public,"#music,#fun"
157,Friend executive hotel.,2026-04-12,music,public,"#music,#fun"
158,Can service fill everyone.,2020-08-07,share,private,"#music,#fun"
159,Item car catch plant defense environment protect.,2025-11-06,share,public,"#music,#fun"
160,Human dinner mean attack me also.,2026-03-06,share,public,"#music,#fun"
161,Water religious road camera see beat ability enter.,2023-12-08,music,private,"#music,#fun"
162,Enough three while agreement agree cup arrive card.,2025-05-31,recommend,private,"#music,#fun"
163,Land back bring wide other.,2025-12-30,music,public,"#music,#fun"
164,Newspaper since once early.,2025-10-17,recommend,public,"#music,#fun"
165,Section until garden plant.,2023-10-04,share,private,"#music,#fun"
166,Bring few suggest understand during culture.,2022-09-04,share,public,"#music,#fun"
167,International series future you long school.,2020-01-27,recommend,private,"#music,#fun"
168,Stock child approach war at.,2021-09-05,music,public,"#music,#fun"
169,Century particular western big medical east write knowledge.,2022-03-05,music,private,"#music,#fun"
170,Interest event president trial artist according feel week.,2020-03-10,share,private,"#music,#fun"
171,Character occur suffer create claim indeed practice agreement.,2022-08-22,music,private,"#music,#fun"
172,Hospital lay office.,2025-02-11,recommend,private,"#music,#fun"
173,Audience project throw method.,2024-09-11,music,private,"#music,#fun"
174,Begin politics impact support.,2021-10-19,music,public,"#music,#fun"
175,Throw major since floor painting third officer.,2021-07-18,share,private,"#music,#fun"
176,Lot key writer or it smile notice mother.,2022-01-15,share,public,"#music,#fun"
177,Either water later room loss wear.,2026-04-05,share,private,"#music,#fun"
178,Forget recently care year middle manage now.,2024-03-31,share,private,"#music,#fun"
179,Message about there down large project.,2020-12-06,share,public,"#music,#fun"
180,Strategy land drive be woman represent.,2020-01-17,share,private,"#music,#fun"
181,Argue along wrong product various night door adult.,2025-04-01,music,private,"#music,#fun"
182,Current officer everybody suffer we.,2021-08-20,recommend,private,"#music,#fun"
183,Wall tough his remain.,2025-08-24,music,private,"#music,#fun"
184,Majority senior hundred gas able.,2023-01-18,share,private,"#music,#fun"
185,Seven their become wrong democratic fact.,2021-09-16,recommend,private,"#music,#fun"
186,List computer need run least capital both its.,2020-07-20,share,private,"#music,#fun"
187,Social yeah him many change along.,2020-02-09,share,public,"#music,#fun"
188,Stop amount decision analysis.,2025-03-09,share,public,"#music,#fun"
189,Question fact arm opportunity crime name measure.,2025-03-11,recommend,private,"#music,#fun"
190,Use draw themselves east.,2020-02-18,music,private,"#music,#fun"
191,Provide thank let war remain leave can.,2026-03-25,music,public,"#music,#fun"
192,Why stock authority record.,2021-12-26,share,private,"#music,#fun"
193,Wish especially production good.,2022-07-15,recommend,public,"#music,#fun"
194,Easy scientist imagine issue include news involve to.,2023-09-30,recommend,public,"#music,#fun"
195,Until raise reason assume clearly though nation.,2020-08-05,recommend,private,"#music,#fun"
196,Share example decision.,2024-01-30,music,public,"#music,#fun"
197,Decade back indeed article old cell.,2020-03-18,share,private,"#music,#fun"
198,Inside the care miss blue should win.,2020-11-15,music,private,"#music,#fun"
199,Letter wish represent threat.,2020-11-01,share,public,"#music,#fun"
200,Natural brother attack year truth.,2021-07-04,share,private,"#music,#fun"
201,Across study international someone dark.,2022-05-26,recommend,public,"#music,#fun"
202,Million future doctor single hand of live.,2022-02-20,share,private,"#music,#fun"
203,Turn appear born country thank radio middle.,2023-05-02,music,private,"#music,#fun"
204,Hotel give work series store first.,2020-10-30,share,private,"#music,#fun"
205,Knowledge class return safe cultural field.,2023-05-17,music,public,"#music,#fun"
206,Act available all rich question past.,2025-02-15,music,private,"#music,#fun"
207,Material unit bed with sometimes.,2022-06-28,recommend,private,"#music,#fun"
208,Couple hundred drive.,2026-01-06,share,public,"#music,#fun"
209,Really bar affect ten artist cup.,2023-08-20,share,private,"#music,#fun"
210,Trouble second into spring color any.,2020-12-25,share,public,"#music,#fun"
211,Environmental carry six total gun just.,2023-11-06,share,public,"#music,#fun"
212,Subject success purpose ask specific former process.,2025-02-14,music,public,"#music,#fun"
213,Couple financial anything special people however.,2023-11-20,recommend,public,"#music,#fun"
214,And by surface article six response group.,2024-10-14,music,private,"#music,#fun"
215,Today fish nor set fear expert instead.,2025-09-03,share,private,"#music,#fun"
216,Inside gas attorney guy answer despite really.,2026-04-29,music,private,"#music,#fun"
217,Special cold Mrs hospital want art accept bill.,2023-03-30,music,private,"#music,#fun"
218,Foot minute summer hand play including.,2022-06-22,recommend,private,"#music,#fun"
219,Worker indeed choice second relate.,2021-07-04,recommend,public,"#music,#fun"
220,Nice office common few management charge.,2025-09-09,recommend,private,"#music,#fun"
221,Fund democratic most measure table believe his.,2021-04-25,share,public,"#music,#fun"
222,Democrat popular prepare together enter sound.,2020-11-16,recommend,public,"#music,#fun"
223,Green rule country discussion decade TV.,2021-08-28,music,public,"#music,#fun"
224,Peace act son company different.,2020-12-03,share,public,"#music,#fun"
225,What real thing threat morning risk.,2023-06-24,share,public,"#music,#fun"
226,Reason night kind me.,2023-10-01,music,public,"#music,#fun"
227,Third follow great guy.,2022-05-08,share,private,"#music,#fun"
228,Who everybody possible memory great very.,2023-03-13,share,private,"#music,#fun"
229,Wife realize book.,2020-01-08,music,private,"#music,#fun"
230,International capital natural foot.,2024-09-19,music,public,"#music,#fun"
231,Fund that guy despite popular.,2020-02-27,share,public,"#music,#fun"
232,Young our she woman.,2022-12-16,share,public,"#music,#fun"
233,Floor civil environment identify thousand everything less.,2022-09-30,music,private,"#music,#fun"
234,Range nation land structure.,2020-12-07,share,private,"#music,#fun"
235,Whether present campaign direction response if marriage.,2021-06-05,share,public,"#music,#fun"
236,Effect attack leg culture suddenly.,2023-01-12,recommend,public,"#music,#fun"
237,Knowledge seat southern responsibility improve drug.,2021-01-26,music,private,"#music,#fun"
238,Fear federal world indicate once large example.,2020-11-05,music,private,"#music,#fun"
239,You third that single agree my lawyer.,2026-02-02,share,private,"#music,#fun"
240,Trouble task own fast.,2025-06-22,share,public,"#music,#fun"
241,Quite gun front station from list head.,2020-01-11,music,private,"#music,#fun"
242,Board street seem.,2022-03-08,music,public,"#music,#fun"
243,Sister sound gas research animal yet little.,2024-04-11,share,public,"#music,#fun"
244,Current side week necessary impact smile.,2021-02-09,music,private,"#music,#fun"
245,Benefit wonder include green.,2022-10-02,share,private,"#music,#fun"
246,Both act add senior.,2020-03-08,recommend,private,"#music,#fun"
247,Offer wall seat take force check quickly.,2023-08-27,recommend,private,"#music,#fun"
248,Check theory walk less economy listen.,2025-12-19,share,public,"#music,#fun"
249,Our season identify weight successful.,2021-06-08,share,public,"#music,#fun"
250,Fast theory deal describe Republican list.,2022-09-11,recommend,public,"#music,#fun"
251,Democratic south large establish.,2023-01-15,music,public,"#music,#fun"
252,Purpose top degree house.,2021-02-11,recommend,private,"#music,#fun"
253,Subject wind need language.,2025-07-25,recommend,private,"#music,#fun"
254,Huge hope give a far itself.,2025-12-26,recommend,public,"#music,#fun"
255,Material him herself everybody.,2020-11-12,share,private,"#music,#fun"
256,Source information argue number.,2025-06-01,share,public,"#music,#fun"
257,Face eye human chance carry.,2022-07-05,share,public,"#music,#fun"
258,These run but single.,2026-03-31,share,private,"#music,#fun"
259,Always either cut house argue believe shake.,2025-11-02,recommend,private,"#music,#fun"
260,Staff treatment commercial chance.,2023-07-07,share,private,"#music,#fun"
261,Eat commercial end.,2023-03-02,recommend,private,"#music,#fun"
262,View knowledge real understand federal senior detail.,2020-09-15,recommend,public,"#music,#fun"
263,Course simply specific.,2023-10-26,music,private,"#music,#fun"
264,State road majority.,2022-11-15,share,public,"#music,#fun"
265,Yet month necessary style shake join lot.,2022-11-21,share,private,"#music,#fun"
266,High century employee cause small college.,2023-07-20,recommend,public,"#music,#fun"
267,Those along court respond second news.,2024-06-27,recommend,public,"#music,#fun"
268,Apply mind window top force scientist.,2023-03-13,music,public,"#music,#fun"
269,Common be material agree during.,2022-09-27,music,private,"#music,#fun"
270,Protect woman wind wrong business rate option during.,2023-12-02,recommend,public,"#music,#fun"
271,Green hour thing.,2022-08-30,recommend,public,"#music,#fun"
272,Wonder where smile woman.,2024-07-29,share,private,"#music,#fun"
273,Leave town outside person interesting fire reduce.,2023-11-05,recommend,private,"#music,#fun"
274,Star direction season value.,2021-05-18,share,private,"#music,#fun"
275,Sort again sort summer.,2024-08-03,music,private,"#music,#fun"
276,Television attack claim.,2020-03-04,share,public,"#music,#fun"
277,Family score stay resource station get price quite.,2024-10-01,recommend,private,"#music,#fun"
278,Leg strategy blood.,2022-09-18,music,public,"#music,#fun"
279,Exist image open near.,2022-08-25,recommend,public,"#music,#fun"
280,Worker heart world water would social.,2025-10-01,music,private,"#music,#fun"
281,Administration yourself know.,2025-11-25,share,public,"#music,#fun"
282,Tree ten effect chance rather treat walk.,2024-03-30,music,public,"#music,#fun"
283,Executive area eat even.,2022-06-30,recommend,public,"#music,#fun"
284,Hear per radio.,2025-06-13,share,public,"#music,#fun"
285,Under understand series product notice her turn.,2022-09-24,share,private,"#music,#fun"
286,Several myself pay natural near.,2023-09-06,recommend,public,"#music,#fun"
287,Consider media wish board.,2021-03-30,recommend,private,"#music,#fun"
288,Produce really camera best animal.,2023-08-05,recommend,private,"#music,#fun"
289,Wide nature who paper decide discuss budget.,2023-06-20,music,public,"#music,#fun"
290,Bed put country behind.,2024-03-26,recommend,private,"#music,#fun"
291,Factor if debate job necessary respond.,2025-02-06,music,private,"#music,#fun"
292,These usually voice source field.,2021-08-10,music,private,"#music,#fun"
293,Goal manager us of too music Democrat.,2024-01-14,recommend,private,"#music,#fun"
294,Writer miss spend none option.,2025-05-29,share,private,"#music,#fun"
295,Better treatment American field leave.,2022-07-21,recommend,private,"#music,#fun"
296,Now hospital structure represent usually.,2025-04-08,share,private,"#music,#fun"
297,Worker senior TV difference employee knowledge best.,2020-09-01,recommend,public,"#music,#fun"
298,Mind talk development manage yes college point.,2025-05-19,recommend,private,"#music,#fun"
299,Staff anything thought mean source show director.,2022-08-14,recommend,private,"#music,#fun"
300,Drive mouth contain property such quite expert.,2021-04-10,share,private,"#music,#fun"
301,Trouble involve model down Mr treatment.,2022-08-14,recommend,public,"#music,#fun"
302,Management third position finally hard about mean.,2026-04-02,recommend,private,"#music,#fun"
303,Keep continue we occur cut.,2020-02-17,music,private,"#music,#fun"
304,Fund by worry resource week house.,2021-11-27,recommend,public,"#music,#fun"
305,Hotel art degree perhaps work.,2024-09-07,share,public,"#music,#fun"
306,Three with use south both suggest raise.,2021-10-30,music,private,"#music,#fun"
307,Rich produce phone.,2023-11-25,music,private,"#music,#fun"
308,Such among now maybe product majority.,2024-03-26,share,private,"#music,#fun"
309,Possible manage power knowledge.,2022-10-20,recommend,private,"#music,#fun"
310,Safe member surface instead.,2020-10-31,recommend,public,"#music,#fun"
311,Should throw shake situation.,2024-02-11,share,public,"#music,#fun"
312,Strategy agree draw use.,2021-03-08,recommend,private,"#music,#fun"
313,Next tree coach perhaps.,2025-03-26,recommend,public,"#music,#fun"
314,Resource discover success people teach international actually detail.,2023-12-11,music,public,"#music,#fun"
315,Why your him nature act.,2022-02-11,music,private,"#music,#fun"
316,Region toward it page strong.,2020-03-26,music,private,"#music,#fun"
317,Amount others home approach collection physical defense.,2022-03-30,share,private,"#music,#fun"
318,Right guy book religious position fact.,2025-03-08,recommend,private,"#music,#fun"
319,Describe perform identify next.,2023-08-17,share,private,"#music,#fun"
320,Hand build about conference focus science.,2024-08-29,recommend,private,"#music,#fun"
321,Rise yet page soon her account beat condition.,2025-07-06,share,private,"#music,#fun"
322,Doctor world power rock score high.,2023-07-25,recommend,private,"#music,#fun"
323,Century actually recently protect pay soon.,2025-11-22,recommend,private,"#music,#fun"
324,Media my threat amount experience upon.,2023-07-14,music,private,"#music,#fun"
325,Shoulder director accept push.,2024-03-16,recommend,public,"#music,#fun"
326,Either morning try get.,2024-06-08,recommend,public,"#music,#fun"
327,Road popular nearly expect.,2022-01-10,music,private,"#music,#fun"
328,About per human listen staff human.,2025-03-27,share,public,"#music,#fun"
329,Campaign law garden.,2021-07-21,share,public,"#music,#fun"
330,His TV author leader real.,2023-12-27,music,private,"#music,#fun"
331,Girl or but be national air without.,2021-12-15,share,public,"#music,#fun"
332,Identify member goal power.,2025-01-31,share,private,"#music,#fun"
333,Character toward here best.,2025-07-25,share,public,"#music,#fun"
334,Report whom use provide south figure trade method.,2021-07-22,music,private,"#music,#fun"
335,Food how industry material process job by.,2023-08-27,share,public,"#music,#fun"
336,Find exactly amount finish natural miss court.,2022-08-28,music,private,"#music,#fun"
337,Hear which toward really in past.,2021-11-24,recommend,public,"#music,#fun"
338,Coach wide child natural.,2026-02-25,recommend,public,"#music,#fun"
339,Heart go later business.,2025-05-07,share,public,"#music,#fun"
340,If painting second between interesting answer baby.,2021-09-09,recommend,private,"#music,#fun"
341,Notice whether note different employee station section.,2023-12-27,share,private,"#music,#fun"
342,Word these heavy include.,2024-09-13,share,private,"#music,#fun"
343,Yard against analysis positive claim rise.,2023-10-24,music,private,"#music,#fun"
344,Air day maybe high entire.,2020-03-05,share,private,"#music,#fun"
345,Structure example building enjoy left work treatment.,2026-02-23,music,public,"#music,#fun"
346,Or director culture brother.,2024-02-02,music,public,"#music,#fun"
347,Claim admit team me little.,2021-05-01,music,public,"#music,#fun"
348,Wish agree likely development foot letter quickly.,2021-12-12,share,private,"#music,#fun"
349,See kid answer.,2020-02-05,share,public,"#music,#fun"
350,Trial language ability strong factor during job appear.,2024-05-23,music,private,"#music,#fun"
351,Blood fast region successful trade step truth follow.,2022-06-25,recommend,private,"#music,#fun"
352,Dog story wife partner successful rather.,2023-12-11,music,public,"#music,#fun"
353,Miss person in heavy.,2024-01-18,recommend,private,"#music,#fun"
354,Stop short seek wrong then us she.,2021-04-27,music,public,"#music,#fun"
355,Once worry able provide.,2022-08-12,recommend,private,"#music,#fun"
356,Each fund either sit wind sister.,2025-09-18,recommend,private,"#music,#fun"
357,Tell concern public down conference middle.,2024-10-25,music,private,"#music,#fun"
358,Shoulder others land marriage include no must.,2024-09-08,share,private,"#music,#fun"
359,Prevent offer size suddenly fire.,2020-05-03,recommend,public,"#music,#fun"
360,Use education go enter put particular begin.,2024-12-19,music,private,"#music,#fun"
361,Can two move type race.,2024-12-12,music,private,"#music,#fun"
362,Before never fall condition.,2025-12-24,share,public,"#music,#fun"
363,Bed less message raise support development quite.,2024-05-02,recommend,public,"#music,#fun"
364,Spend nearly identify thousand as black factor.,2026-01-28,music,private,"#music,#fun"
365,Deep alone present too improve explain.,2022-02-15,recommend,public,"#music,#fun"
366,Along sit his fear save soldier.,2024-07-11,music,public,"#music,#fun"
367,Least although would number.,2020-08-13,share,public,"#music,#fun"
368,Blue evening deal so.,2021-03-26,recommend,public,"#music,#fun"
369,Across agency early spend.,2021-07-28,music,public,"#music,#fun"
370,Street including term talk likely less decide.,2020-01-20,share,private,"#music,#fun"
371,Woman beautiful watch.,2022-10-28,recommend,public,"#music,#fun"
372,Follow kid responsibility score true no Mr.,2021-01-28,share,private,"#music,#fun"
373,Business door plan say.,2024-02-08,music,public,"#music,#fun"
374,South air treat music especially seek either.,2023-12-29,recommend,private,"#music,#fun"
375,Cold purpose may national.,2024-08-18,recommend,public,"#music,#fun"
376,Send deal television section notice speak so consider.,2024-05-02,music,private,"#music,#fun"
377,Blood organization far music instead talk.,2023-06-16,recommend,public,"#music,#fun"
378,Little trip wrong community baby.,2021-08-26,music,private,"#music,#fun"
379,Authority election seek catch.,2024-08-14,recommend,private,"#music,#fun"
380,Respond treat agreement feeling need likely television.,2025-07-28,music,private,"#music,#fun"
381,Politics religious yet role.,2020-08-28,recommend,public,"#music,#fun"
382,Thousand thousand factor set business concern happen.,2020-03-29,share,public,"#music,#fun"
383,President foreign although president response pull.,2021-09-17,music,public,"#music,#fun"
384,Before other boy respond area detail.,2020-05-09,share,private,"#music,#fun"
385,Beyond ten establish take Congress them alone.,2021-12-01,music,public,"#music,#fun"
386,Pattern music white significant education such suddenly.,2020-06-02,recommend,private,"#music,#fun"
387,Whether particularly expect.,2023-05-08,recommend,public,"#music,#fun"
388,With theory leg lot.,2022-08-15,music,private,"#music,#fun"
389,Worker decide data event appear difference.,2020-10-15,music,public,"#music,#fun"
390,He lawyer manager.,2024-01-31,recommend,private,"#music,#fun"
391,Space realize notice who better.,2021-02-17,music,private,"#music,#fun"
392,Front product market toward wear usually.,2021-03-19,recommend,private,"#music,#fun"
393,Either firm crime up.,2025-03-23,music,private,"#music,#fun"
394,Seven identify could market possible.,2020-12-06,recommend,private,"#music,#fun"
395,Possible deal man yeah focus individual five difficult.,2026-03-26,recommend,public,"#music,#fun"
396,Cell church entire concern style.,2023-09-28,music,private,"#music,#fun"
397,Spring newspaper citizen themselves nor source.,2023-12-19,share,private,"#music,#fun"
398,Ask international know drug test apply off part.,2024-08-18,share,public,"#music,#fun"
399,Usually start red security senior never.,2023-11-29,share,private,"#music,#fun"
400,Knowledge office adult accept throw force.,2020-03-21,recommend,private,"#music,#fun"
401,Begin right require situation environmental factor.,2020-03-08,share,public,"#music,#fun"
402,Some through consider beautiful rest quite.,2023-03-21,music,private,"#music,#fun"
403,Skill tax range side war.,2025-10-01,recommend,public,"#music,#fun"
404,Speech one rise.,2024-03-06,share,private,"#music,#fun"
405,Generation who Republican shoulder kind my feel thank.,2025-08-19,share,private,"#music,#fun"
406,Economy parent number should.,2025-11-19,music,private,"#music,#fun"
407,Rock kid ball do country development bed first.,2024-12-29,music,public,"#music,#fun"
408,Fast say power front read phone.,2023-01-28,music,public,"#music,#fun"
409,Woman tonight east into.,2026-03-11,share,private,"#music,#fun"
410,Sea group though bit doctor happy product.,2026-04-13,recommend,private,"#music,#fun"
411,Determine government population majority family exist.,2022-01-11,music,private,"#music,#fun"
412,Require section scientist establish whom risk.,2020-01-30,recommend,public,"#music,#fun"
413,These region set might form.,2023-12-31,share,private,"#music,#fun"
414,Camera view involve own different future.,2023-07-25,share,public,"#music,#fun"
415,Medical natural speech out red everybody well.,2020-06-02,music,private,"#music,#fun"
416,Today yourself east attack answer.,2022-11-03,share,public,"#music,#fun"
417,Tv case toward face.,2024-01-31,music,private,"#music,#fun"
418,Record police whatever line.,2021-01-29,share,public,"#music,#fun"
419,Agent anyone boy add pretty no treat.,2025-08-22,share,private,"#music,#fun"
420,Beyond buy camera mouth particular painting near.,2022-08-01,recommend,private,"#music,#fun"
421,Seven agency commercial worry maintain event.,2022-10-19,recommend,public,"#music,#fun"
422,Event find everything word nor rock young.,2021-08-10,share,private,"#music,#fun"
423,Because woman computer data inside bad specific.,2024-02-15,recommend,public,"#music,#fun"
424,Moment indeed economic cultural development everything.,2025-10-30,share,public,"#music,#fun"
425,Song prevent relationship after sort light talk respond.,2023-08-03,share,public,"#music,#fun"
426,Effort never science couple us American activity whom.,2021-01-29,music,private,"#music,#fun"
427,Similar century right.,2026-01-24,share,private,"#music,#fun"
428,Certainly course life game experience.,2026-03-20,recommend,private,"#music,#fun"
429,Media large media series.,2025-09-13,music,private,"#music,#fun"
430,Another office beat discuss soldier not doctor arm.,2025-10-12,music,private,"#music,#fun"
431,Finish environment little front job them million we.,2026-03-24,music,public,"#music,#fun"
432,Surface side service public nature attack.,2020-06-26,music,public,"#music,#fun"
433,Deal speech whether eight threat.,2020-03-26,music,private,"#music,#fun"
434,Hospital particularly them sure what cost executive.,2024-11-14,recommend,private,"#music,#fun"
435,New evening newspaper music activity poor.,2025-09-22,recommend,public,"#music,#fun"
436,Item identify when.,2025-10-14,recommend,public,"#music,#fun"
437,Crime agreement speak smile.,2023-10-06,share,private,"#music,#fun"
438,Impact perform care surface accept product trouble.,2021-03-08,recommend,public,"#music,#fun"
439,Customer condition age war success.,2022-12-13,recommend,private,"#music,#fun"
440,Newspaper describe record move effect area note reveal.,2024-06-16,music,private,"#music,#fun"
441,Agree center establish full lawyer high paper.,2023-10-24,recommend,private,"#music,#fun"
442,End possible travel.,2020-12-11,share,public,"#music,#fun"
443,Meet short manage because shoulder system.,2023-04-18,recommend,public,"#music,#fun"
444,Off indicate after avoid voice nation.,2024-10-28,share,private,"#music,#fun"
445,Discover subject interest when word measure white.,2026-01-21,share,public,"#music,#fun"
446,Ask guess into challenge west training light.,2024-02-05,recommend,public,"#music,#fun"
447,Rule game where which.,2022-10-06,share,private,"#music,#fun"
448,Worry save outside discussion.,2024-04-23,music,public,"#music,#fun"
449,Science building old responsibility.,2022-07-13,recommend,private,"#music,#fun"
450,Loss option player apply executive.,2025-06-12,recommend,private,"#music,#fun"
451,Protect system take maintain.,2024-02-17,recommend,public,"#music,#fun"
452,Either church different business.,2025-12-30,music,public,"#music,#fun"
453,With process involve world.,2021-09-10,share,public,"#music,#fun"
454,Cost expect speech also.,2025-10-18,music,private,"#music,#fun"
455,Factor bank spring.,2023-08-26,recommend,public,"#music,#fun"
456,Mention would they political my.,2025-12-24,music,public,"#music,#fun"
457,Weight truth sea record especially actually much hospital.,2024-08-28,share,public,"#music,#fun"
458,Woman oil recent magazine significant push.,2025-08-12,music,public,"#music,#fun"
459,Return cost sort represent record free.,2024-07-05,share,private,"#music,#fun"
460,Security including like prevent myself health budget wear.,2022-03-10,music,public,"#music,#fun"
461,Beat executive work understand be evidence of.,2020-09-30,recommend,public,"#music,#fun"
462,Since protect miss never beat health write.,2020-07-02,recommend,private,"#music,#fun"
463,Really that already anything suddenly may seven.,2021-10-12,music,public,"#music,#fun"
464,Business someone picture simply.,2022-08-23,music,private,"#music,#fun"
465,Trip officer central option agency two.,2023-11-04,share,private,"#music,#fun"
466,Without sign day soldier economy hard less.,2024-12-09,music,public,"#music,#fun"
467,Experience memory usually sound would ability bring.,2022-10-06,share,public,"#music,#fun"
468,Project person record scientist should trouble.,2021-03-05,share,public,"#music,#fun"
469,Happen lay everybody conference.,2024-06-02,share,public,"#music,#fun"
470,Adult right happy season like.,2024-05-27,music,private,"#music,#fun"
471,Cell her will owner.,2020-06-26,recommend,public,"#music,#fun"
472,Several themselves great force forget walk election.,2022-09-11,recommend,public,"#music,#fun"
473,Defense new similar hand.,2022-03-20,recommend,public,"#music,#fun"
474,Along beautiful fast include method.,2023-11-18,recommend,public,"#music,#fun"
475,Bad himself early evening.,2024-07-17,share,public,"#music,#fun"
476,Happen bar maintain treatment research.,2023-10-11,music,private,"#music,#fun"
477,When door brother color reality.,2020-05-21,share,private,"#music,#fun"
478,Watch and man long.,2023-02-01,share,private,"#music,#fun"
479,Sound order firm number.,2021-12-15,recommend,private,"#music,#fun"
480,Full power involve.,2022-07-23,recommend,public,"#music,#fun"
481,Job tree participant you front.,2021-09-18,share,private,"#music,#fun"
482,Almost such game near.,2020-12-17,recommend,private,"#music,#fun"
483,Again contain vote job deal information unit.,2024-04-28,recommend,private,"#music,#fun"
484,Receive scene type too customer machine.,2020-05-20,share,public,"#music,#fun"
485,Week agree list always serious night half.,2021-02-10,music,public,"#music,#fun"
486,Last near check table.,2023-11-27,recommend,public,"#music,#fun"
487,Knowledge eat read happen study.,2022-02-20,recommend,private,"#music,#fun"
488,Certain human source despite raise fast.,2020-06-27,recommend,public,"#music,#fun"
489,Long bring wind data deep season top each.,2025-03-29,share,private,"#music,#fun"
490,Risk girl wife.,2021-02-14,music,public,"#music,#fun"
491,News standard determine idea condition wrong world mention.,2024-10-18,share,private,"#music,#fun"
492,Close parent once two than media address.,2020-10-03,recommend,private,"#music,#fun"
493,Pass party officer eye half box.,2022-08-21,music,public,"#music,#fun"
494,Between sort ready station leader expert.,2025-09-19,music,private,"#music,#fun"
495,Score present enter might teach direction.,2022-03-04,recommend,private,"#music,#fun"
496,Your project system wonder likely.,2022-12-04,share,public,"#music,#fun"
497,Do those role game summer stop need sea.,2025-09-01,recommend,private,"#music,#fun"
498,Name woman final himself choose hand.,2020-11-24,share,public,"#music,#fun"
499,Expect cultural note exist feel really.,2021-07-22,music,public,"#music,#fun"
500,Law coach economic that nation heavy usually.,2025-01-14,music,private,"#music,#fun"
501,Well car admit force strong.,2023-06-20,music,public,"#music,#fun"
502,Hot fill education save memory production.,2020-03-02,share,private,"#music,#fun"
503,Total tax time choice ask high attorney.,2021-03-23,recommend,public,"#music,#fun"
504,Deep officer under collection run visit there member.,2024-08-13,share,public,"#music,#fun"
505,To none age sing painting management reach.,2020-06-16,share,public,"#music,#fun"
506,Institution themselves meeting.,2022-07-02,music,private,"#music,#fun"
507,Range clearly represent behind.,2026-04-05,share,public,"#music,#fun"
508,Cause situation window anyone brother compare customer.,2025-11-16,recommend,public,"#music,#fun"
509,Tree protect send individual.,2020-05-20,recommend,private,"#music,#fun"
510,Capital anyone it front black seem.,2025-03-22,music,public,"#music,#fun"
511,Around modern interest about.,2023-05-08,music,public,"#music,#fun"
512,Course share television financial reduce bill every.,2023-10-24,music,public,"#music,#fun"
513,Current government myself mouth weight three hour right.,2025-08-01,share,public,"#music,#fun"
514,Necessary message value until mind.,2021-02-24,music,private,"#music,#fun"
515,Difficult join recognize group.,2022-10-16,music,public,"#music,#fun"
516,Hair could discover special study and huge.,2023-09-15,music,private,"#music,#fun"
517,Cost nation itself lawyer study else.,2024-05-09,recommend,private,"#music,#fun"
518,Nothing end into increase environment provide deep.,2024-07-26,share,public,"#music,#fun"
519,Day number brother check arm commercial building newspaper.,2024-08-10,recommend,public,"#music,#fun"
520,Manage yet movie edge middle own break.,2020-03-16,recommend,public,"#music,#fun"
521,Charge she political.,2022-01-15,music,public,"#music,#fun"
522,Game animal citizen too task who huge.,2022-05-12,music,public,"#music,#fun"
523,From group performance certain decade capital.,2023-03-14,recommend,private,"#music,#fun"
524,Those bar back car.,2024-06-02,music,public,"#music,#fun"
525,Fly institution white how.,2022-01-18,share,public,"#music,#fun"
526,Time evidence describe consider.,2020-08-19,recommend,public,"#music,#fun"
527,Later someone group his real poor among.,2020-02-25,share,public,"#music,#fun"
528,Common how must provide someone.,2022-10-19,share,public,"#music,#fun"
529,While section sort some of these.,2025-12-20,music,public,"#music,#fun"
530,Knowledge government others to between attorney fact test.,2022-05-18,music,private,"#music,#fun"
531,Three represent hair.,2025-05-30,share,public,"#music,#fun"
532,If somebody hundred world.,2024-10-11,share,private,"#music,#fun"
533,Break program prove chair past recent.,2025-05-21,share,private,"#music,#fun"
534,Them professor source per hospital within shoulder.,2025-05-17,share,public,"#music,#fun"
535,Parent stock environmental high military book book store.,2021-09-30,recommend,public,"#music,#fun"
536,Guy their sister network really source under.,2024-11-10,recommend,private,"#music,#fun"
537,Finally spend ground suffer tonight each.,2024-04-30,recommend,private,"#music,#fun"
538,Example rise account deal.,2024-03-12,recommend,private,"#music,#fun"
539,President tend thing deep standard best myself.,2020-12-02,music,private,"#music,#fun"
540,Work weight toward.,2024-08-05,music,private,"#music,#fun"
541,Keep learn fine instead reach property degree senior.,2021-08-03,share,public,"#music,#fun"
542,Artist later despite view add.,2020-08-12,recommend,public,"#music,#fun"
543,Worker baby those mind.,2022-10-09,music,public,"#music,#fun"
544,Fine significant success cause college management parent allow.,2024-07-04,music,public,"#music,#fun"
545,Move cold memory report.,2021-12-27,music,public,"#music,#fun"
546,Scientist white kid maintain opportunity people course audience.,2022-02-06,recommend,private,"#music,#fun"
547,Sea between person might bed wide.,2023-04-11,share,private,"#music,#fun"
548,Sign without travel buy yard create history.,2022-11-02,share,private,"#music,#fun"
549,This member stage turn daughter.,2023-07-02,recommend,private,"#music,#fun"
550,These understand next statement read then.,2022-01-07,recommend,private,"#music,#fun"
551,Thus recent blue class camera.,2024-03-16,recommend,private,"#music,#fun"
552,Check either available step example rest.,2023-10-14,share,public,"#music,#fun"
553,Own month white.,2025-04-21,music,public,"#music,#fun"
554,Still science after something hand.,2020-09-08,recommend,private,"#music,#fun"
555,Including very check western.,2020-08-30,music,public,"#music,#fun"
556,Population ground who record his for.,2020-09-04,music,private,"#music,#fun"
557,Side cup partner they.,2022-09-14,share,public,"#music,#fun"
558,Mother different street both change.,2024-05-04,share,private,"#music,#fun"
559,Dog scientist economic floor nothing get.,2024-08-17,share,private,"#music,#fun"
560,Kitchen major fight year brother since themselves.,2020-02-17,recommend,public,"#music,#fun"
561,Health whom what response American guess.,2021-05-30,music,public,"#music,#fun"
562,Buy four view middle rich.,2024-01-23,share,public,"#music,#fun"
563,Benefit stop indicate military eat catch.,2020-01-19,recommend,private,"#music,#fun"
564,Those fill cut media chair.,2025-10-06,recommend,public,"#music,#fun"
565,Probably heart court yes drop food rate.,2023-08-07,share,private,"#music,#fun"
566,Set report paper small discuss charge force.,2023-09-08,share,public,"#music,#fun"
567,International money difference we dinner yes soldier.,2022-07-21,share,private,"#music,#fun"
568,Main artist information want perform prepare trade.,2023-06-18,recommend,public,"#music,#fun"
569,Feeling stage former point strong rule nearly eat.,2022-12-04,music,public,"#music,#fun"
570,Early drug respond seven.,2024-03-29,share,private,"#music,#fun"
571,Of cause score true country.,2020-04-06,recommend,public,"#music,#fun"
572,Happen marriage surface issue.,2025-08-01,recommend,private,"#music,#fun"
573,Product same range buy level down.,2025-04-21,share,public,"#music,#fun"
574,The behind instead reveal little gun hold.,2025-10-23,share,private,"#music,#fun"
575,Main appear list business run.,2020-04-13,music,private,"#music,#fun"
576,Human especially year.,2024-04-03,share,public,"#music,#fun"
577,His read marriage project song.,2021-12-21,music,public,"#music,#fun"
578,Tv eat stock choose every pick.,2020-02-21,share,public,"#music,#fun"
579,Off hit daughter difference hit defense gas.,2022-07-30,recommend,private,"#music,#fun"
580,But total fish remember protect.,2026-03-05,music,private,"#music,#fun"
581,Oil teacher animal cell continue.,2022-01-29,share,private,"#music,#fun"
582,Difference half will.,2022-12-04,share,public,"#music,#fun"
583,Enough music cost create pretty section red.,2024-04-02,recommend,private,"#music,#fun"
584,Behind might ever fly agree reveal create green.,2025-10-25,share,public,"#music,#fun"
585,Event all interview week the.,2020-04-23,share,public,"#music,#fun"
586,Law professional prove eight view.,2024-03-15,share,public,"#music,#fun"
587,Involve begin yourself develop support.,2025-11-22,music,public,"#music,#fun"
588,Conference really hot ball.,2021-05-06,music,public,"#music,#fun"
589,Fine thus wide star class hit position.,2024-07-21,recommend,private,"#music,#fun"
590,Total hour set himself should car trial reality.,2022-07-20,music,public,"#music,#fun"
591,Guy huge work young American trade day.,2020-05-12,share,public,"#music,#fun"
592,Lead this head partner window.,2025-09-15,music,public,"#music,#fun"
593,Available fight their as.,2023-06-02,music,public,"#music,#fun"
594,Affect western take work.,2021-01-09,music,private,"#music,#fun"
595,Eat nearly indeed go.,2026-02-22,music,private,"#music,#fun"
596,Maintain degree sound prove camera west report against.,2025-02-15,music,public,"#music,#fun"
597,Kind thus citizen apply avoid box parent.,2024-07-21,music,public,"#music,#fun"
598,Action stand two region.,2023-05-21,recommend,private,"#music,#fun"
599,City other book civil leave situation section.,2024-11-01,share,public,"#music,#fun"
600,Worker Mr election face girl community.,2024-08-20,music,public,"#music,#fun"
601,And detail Democrat gun.,2023-09-12,share,public,"#music,#fun"
602,Traditional stuff new human during.,2021-02-21,share,private,"#music,#fun"
603,Movement hard there interesting series nation scene game.,2022-12-28,share,private,"#music,#fun"
604,Candidate care I attack various.,2023-09-12,recommend,public,"#music,#fun"
605,Each maintain send long.,2022-05-17,music,public,"#music,#fun"
606,Approach mean else unit rule place.,2020-07-01,recommend,private,"#music,#fun"
607,Present yet color compare.,2021-07-21,music,public,"#music,#fun"
608,When science might health minute medical statement.,2022-04-04,recommend,public,"#music,#fun"
609,Outside grow someone responsibility support situation treatment.,2022-10-08,share,public,"#music,#fun"
610,Upon soon similar whatever different.,2025-03-09,recommend,public,"#music,#fun"
611,Respond should matter report audience without born.,2025-10-06,recommend,public,"#music,#fun"
612,Support manager which kitchen.,2024-04-17,music,private,"#music,#fun"
613,Security task animal trade.,2021-08-24,music,private,"#music,#fun"
614,Agency night high who why market eight.,2023-10-21,music,public,"#music,#fun"
615,Tonight air course onto itself forward indicate and.,2023-09-28,share,private,"#music,#fun"
616,Mrs early room skin visit industry everything.,2021-03-01,music,private,"#music,#fun"
617,Growth miss prove chance after soldier.,2021-02-17,music,private,"#music,#fun"
618,Across fast drive option animal fund.,2024-05-13,music,private,"#music,#fun"
619,Provide left property turn any at.,2022-12-08,music,private,"#music,#fun"
620,Help news dog listen quality.,2020-07-13,music,private,"#music,#fun"
621,Fast seek laugh article something.,2022-06-26,share,public,"#music,#fun"
622,Again sometimes owner reduce.,2023-10-01,share,private,"#music,#fun"
623,Shoulder admit center leg ball.,2026-01-09,share,private,"#music,#fun"
624,Last former eight leg.,2020-01-30,recommend,private,"#music,#fun"
625,Listen enjoy take go spring.,2024-08-23,recommend,private,"#music,#fun"
626,Wear until price outside.,2025-03-28,recommend,private,"#music,#fun"
627,Movie around action.,2023-03-19,music,private,"#music,#fun"
628,Top plant care.,2023-10-21,share,private,"#music,#fun"
629,Expect theory unit seek sure Mrs require.,2024-06-14,recommend,private,"#music,#fun"
630,Budget economy poor protect leg think enjoy.,2025-03-25,share,private,"#music,#fun"
631,Gas whose hold agree administration if maintain.,2022-06-25,music,public,"#music,#fun"
632,Other at concern organization debate talk trip.,2020-03-15,share,public,"#music,#fun"
633,Myself simply again against.,2023-12-22,recommend,public,"#music,#fun"
634,Size light everybody.,2023-07-11,share,public,"#music,#fun"
635,Within spend plan watch.,2023-01-23,recommend,private,"#music,#fun"
636,Long address culture father after eye step boy.,2025-04-12,share,private,"#music,#fun"
637,Ready company happen low.,2024-05-09,recommend,private,"#music,#fun"
638,Condition even yes life first identify.,2024-04-18,music,public,"#music,#fun"
639,Enjoy soon lawyer will.,2024-04-06,music,public,"#music,#fun"
640,Degree focus Congress.,2025-01-06,recommend,public,"#music,#fun"
641,Professional within account front vote candidate.,2025-06-11,share,public,"#music,#fun"
642,Black sit down national.,2020-05-22,music,public,"#music,#fun"
643,Store state final itself style.,2023-11-29,music,private,"#music,#fun"
644,Head eye crime focus final base.,2022-08-30,share,public,"#music,#fun"
645,Leave maintain common late side.,2021-09-08,recommend,public,"#music,#fun"
646,Require buy form next power effect.,2021-01-24,share,public,"#music,#fun"
647,Name against feel magazine.,2024-11-13,share,public,"#music,#fun"
648,Buy line among thousand least.,2024-02-11,share,private,"#music,#fun"
649,Congress treat herself discussion body.,2021-12-01,share,private,"#music,#fun"
650,Dog carry capital sound.,2021-01-18,music,private,"#music,#fun"
651,Material determine lawyer institution institution my.,2020-04-23,share,private,"#music,#fun"
652,Where plan professional fire policy executive.,2021-12-04,recommend,public,"#music,#fun"
653,Should little wide owner feeling everything top.,2026-02-23,share,private,"#music,#fun"
654,Bill yet whose party.,2024-06-22,recommend,private,"#music,#fun"
655,Cause it full opportunity.,2020-01-14,recommend,private,"#music,#fun"
656,Father nice reality over along.,2020-07-08,share,public,"#music,#fun"
657,Begin interest behind law seek just plan.,2025-04-05,share,private,"#music,#fun"
658,Me get through opportunity cold information understand end.,2024-05-25,recommend,private,"#music,#fun"
659,Choice decide market condition draw stop read.,2021-12-27,music,public,"#music,#fun"
660,Suddenly drive wrong popular.,2023-09-09,share,private,"#music,#fun"
661,Seat plant able boy structure PM assume.,2020-12-06,music,public,"#music,#fun"
662,Trip true across state.,2021-09-29,share,public,"#music,#fun"
663,Religious church vote hotel.,2020-07-04,music,private,"#music,#fun"
664,Cost idea explain interesting simply.,2024-11-20,music,private,"#music,#fun"
665,Policy occur happen we material finally control.,2025-09-21,recommend,private,"#music,#fun"
666,Happen son among she focus not think decide.,2021-02-22,recommend,private,"#music,#fun"
667,Her center day per glass coach.,2021-08-03,music,public,"#music,#fun"
668,Event apply another try time.,2020-10-17,share,private,"#music,#fun"
669,Nothing play indicate activity end month rich.,2025-09-18,share,private,"#music,#fun"
670,Cover morning class popular whom mouth reason.,2025-12-01,recommend,public,"#music,#fun"
671,Career protect right likely explain imagine.,2023-12-27,share,public,"#music,#fun"
672,Discover there be score explain toward ready.,2021-11-11,recommend,private,"#music,#fun"
673,Player daughter late participant family firm act.,2020-07-05,share,public,"#music,#fun"
674,Before teacher event yet culture.,2022-12-20,share,public,"#music,#fun"
675,Least firm to.,2023-11-16,music,private,"#music,#fun"
676,Management like almost art everything determine hospital.,2024-10-13,share,public,"#music,#fun"
677,Ok thousand movement.,2023-11-30,recommend,private,"#music,#fun"
678,Never yard every wind soldier author sister.,2024-11-15,share,public,"#music,#fun"
679,Usually moment accept create be effort.,2024-03-10,music,private,"#music,#fun"
680,Around wish both baby window nothing.,2024-08-22,share,private,"#music,#fun"
681,Accept exactly leave boy wall small whether her.,2023-10-31,music,private,"#music,#fun"
682,Those check PM according.,2021-11-16,music,public,"#music,#fun"
683,Eat understand top avoid.,2025-04-05,share,private,"#music,#fun"
684,See scientist little stock cell.,2025-03-18,music,public,"#music,#fun"
685,Degree material design arm cost worry fall.,2025-05-08,share,private,"#music,#fun"
686,Color message player plan.,2023-10-15,recommend,private,"#music,#fun"
687,Physical exactly page her usually common seven.,2022-10-17,music,public,"#music,#fun"
688,Event message beyond major process beat.,2020-10-03,music,private,"#music,#fun"
689,Shoulder many law even help culture mouth.,2021-02-01,music,private,"#music,#fun"
690,Into nor best capital.,2021-10-01,music,private,"#music,#fun"
691,Partner east authority response current fight.,2023-08-19,share,private,"#music,#fun"
692,Exactly even second all eat occur budget.,2023-01-17,recommend,public,"#music,#fun"
693,Approach window form step follow together idea.,2020-07-15,recommend,private,"#music,#fun"
694,Get anyone become civil environmental.,2022-06-19,music,private,"#music,#fun"
695,Strategy life notice north voice across commercial.,2025-03-05,share,private,"#music,#fun"
696,Central join score us body.,2020-04-09,music,private,"#music,#fun"
697,Catch cup forget affect.,2021-01-21,share,public,"#music,#fun"
698,Two edge force fight.,2022-09-09,share,private,"#music,#fun"
699,Method cultural technology husband difference family care.,2020-03-04,share,private,"#music,#fun"
700,Manager heavy how animal seem be.,2021-10-09,music,private,"#music,#fun"
701,Produce pick chance similar significant card.,2020-02-03,share,public,"#music,#fun"
702,Interest move I off.,2021-09-21,recommend,private,"#music,#fun"
703,Ever environmental station score job none live.,2025-03-17,share,private,"#music,#fun"
704,Plant next old whom because rest.,2021-12-24,share,public,"#music,#fun"
705,Art my window show sit vote.,2024-10-25,music,public,"#music,#fun"
706,First ground shoulder I forward.,2022-02-12,recommend,public,"#music,#fun"
707,Career life prevent shoulder conference enjoy top.,2024-11-20,recommend,private,"#music,#fun"
708,Suffer present dream new base production note.,2020-11-27,share,public,"#music,#fun"
709,Green determine father court decade back.,2020-05-05,share,private,"#music,#fun"
710,Officer send child.,2025-12-03,recommend,private,"#music,#fun"
711,Argue yeah firm after.,2025-01-14,share,private,"#music,#fun"
712,Environmental three possible tree himself worker.,2025-10-20,recommend,private,"#music,#fun"
713,Interview age measure.,2022-02-05,music,private,"#music,#fun"
714,Morning certainly born TV.,2022-09-26,music,public,"#music,#fun"
715,Blue reach stage event team.,2021-11-19,share,public,"#music,#fun"
716,Travel them recent night local.,2023-07-10,recommend,public,"#music,#fun"
717,Office decade enter strong idea gun.,2020-08-10,recommend,private,"#music,#fun"
718,Whom trade PM training strong.,2021-06-15,share,private,"#music,#fun"
719,Network time feeling senior skin.,2024-04-22,share,public,"#music,#fun"
720,Phone by employee thing.,2020-10-11,recommend,private,"#music,#fun"
721,Yeah chair current require edge.,2021-01-27,music,public,"#music,#fun"
722,Relate figure myself skill network star.,2022-04-09,recommend,private,"#music,#fun"
723,Must I either western opportunity former ahead force.,2020-09-04,music,private,"#music,#fun"
724,Military cost institution home.,2020-11-28,share,private,"#music,#fun"
725,Hour senior talk job really organization.,2023-06-26,share,public,"#music,#fun"
726,Long short off.,2025-11-02,share,public,"#music,#fun"
727,Threat during idea national possible.,2024-12-22,share,private,"#music,#fun"
728,Camera street either.,2022-01-02,music,public,"#music,#fun"
729,Foreign alone employee interesting.,2020-04-14,music,private,"#music,#fun"
730,Actually couple under.,2025-11-13,music,private,"#music,#fun"
731,Somebody book human season.,2023-04-02,recommend,public,"#music,#fun"
732,Prevent mission build part field less help.,2025-09-06,share,public,"#music,#fun"
733,Road sing drug radio reason.,2021-10-20,recommend,private,"#music,#fun"
734,Sound region government cover.,2024-11-17,music,private,"#music,#fun"
735,Ten debate join answer generation.,2020-10-29,music,public,"#music,#fun"
736,Party kind mind thank whom strong color.,2022-07-14,recommend,public,"#music,#fun"
737,Ready often let tree talk today.,2024-10-29,share,public,"#music,#fun"
738,Front college shoulder industry talk cut drug.,2024-06-18,recommend,public,"#music,#fun"
739,Life job address five.,2025-11-14,music,public,"#music,#fun"
740,Partner mission station serious.,2020-05-25,music,public,"#music,#fun"
741,Really amount drive spring difficult.,2022-07-08,recommend,private,"#music,#fun"
742,Value around beat according structure.,2024-10-13,share,public,"#music,#fun"
743,House the accept over speak.,2025-07-10,recommend,private,"#music,#fun"
744,Concern still rest performance option.,2025-10-16,recommend,private,"#music,#fun"
745,Grow item film democratic.,2022-07-23,share,public,"#music,#fun"
746,Nearly unit study inside with.,2021-04-19,share,public,"#music,#fun"
747,May however film available woman field.,2022-01-07,share,private,"#music,#fun"
748,Glass on ground green rule idea.,2021-05-27,music,public,"#music,#fun"
749,Hard arrive consider study city.,2021-06-06,share,private,"#music,#fun"
750,Address game tough.,2022-02-23,music,public,"#music,#fun"
751,Eight middle partner source animal magazine answer.,2022-11-30,share,private,"#music,#fun"
752,Media great choice easy scientist film decide prove.,2023-10-25,music,public,"#music,#fun"
753,Artist hair summer power heart there else.,2020-08-09,music,public,"#music,#fun"
754,Kind realize minute view subject pattern high.,2021-08-22,music,private,"#music,#fun"
755,Social claim often themselves.,2024-05-05,music,private,"#music,#fun"
756,Wrong difference second night consider year debate again.,2021-09-19,music,private,"#music,#fun"
757,East million activity treatment power mouth.,2021-06-04,share,public,"#music,#fun"
758,Picture end finally theory.,2020-10-06,music,public,"#music,#fun"
759,I system also support hospital others.,2023-10-03,recommend,public,"#music,#fun"
760,Big including company happy.,2021-05-12,music,public,"#music,#fun"
761,Democratic executive wind nation.,2022-08-23,recommend,private,"#music,#fun"
762,Action future step card paper.,2025-04-22,share,private,"#music,#fun"
763,Him election force catch material.,2022-03-24,share,public,"#music,#fun"
764,Risk name president season build thing.,2020-12-28,recommend,public,"#music,#fun"
765,Society property you detail themselves.,2025-06-06,recommend,private,"#music,#fun"
766,Ahead development heavy arrive summer generation.,2024-08-14,music,public,"#music,#fun"
767,Send face prepare media exist sport.,2023-11-10,music,public,"#music,#fun"
768,His every young best network not.,2020-04-29,recommend,private,"#music,#fun"
769,Look stay south wall more.,2024-02-25,music,private,"#music,#fun"
770,Contain visit beyond court everything woman.,2023-06-16,recommend,public,"#music,#fun"
771,Catch none threat well answer foreign picture more.,2025-06-18,music,private,"#music,#fun"
772,Wish deal positive today protect reduce.,2023-01-10,music,private,"#music,#fun"
773,Government lead agent prepare price likely brother stock.,2021-07-30,music,private,"#music,#fun"
774,Represent others show.,2025-01-25,share,public,"#music,#fun"
775,Book realize evidence camera.,2022-06-11,music,private,"#music,#fun"
776,Popular stock very brother.,2020-02-13,music,public,"#music,#fun"
777,Size plan responsibility remember.,2023-04-04,share,private,"#music,#fun"
778,Now may at nearly about human.,2022-03-11,share,public,"#music,#fun"
779,Six data full smile no near election.,2025-05-29,recommend,public,"#music,#fun"
780,Around still measure save tree key.,2025-04-28,share,private,"#music,#fun"
781,Including mission support worker.,2025-03-08,music,private,"#music,#fun"
782,Toward direction report.,2020-07-19,recommend,public,"#music,#fun"
783,More we try certainly moment.,2022-02-17,music,private,"#music,#fun"
784,Respond even apply help federal outside.,2026-02-01,recommend,private,"#music,#fun"
785,Natural conference continue identify.,2021-08-28,music,public,"#music,#fun"
786,Center paper company process strategy nearly agency.,2022-03-29,recommend,public,"#music,#fun"
787,Account fill team particularly do.,2022-07-28,recommend,private,"#music,#fun"
788,Stage manage station field practice girl including.,2022-12-03,recommend,public,"#music,#fun"
789,Guess might store.,2023-07-19,recommend,private,"#music,#fun"
790,Almost image avoid need whole good everything score.,2022-03-22,recommend,private,"#music,#fun"
791,Finish professional TV.,2023-09-07,recommend,private,"#music,#fun"
792,Policy that rest practice.,2021-10-10,music,public,"#music,#fun"
793,Short any officer today.,2022-01-09,music,public,"#music,#fun"
794,Nature particularly film wait rather choice.,2025-03-10,music,private,"#music,#fun"
795,Out look to matter Republican rise visit.,2024-02-17,share,private,"#music,#fun"
796,Prepare attorney yes tonight value smile.,2020-07-14,music,public,"#music,#fun"
797,Point debate young guess it different same.,2020-02-07,recommend,private,"#music,#fun"
798,Stay important same total suffer personal.,2023-04-21,share,public,"#music,#fun"
799,Likely option measure participant.,2024-06-16,share,public,"#music,#fun"
800,Effort hold daughter suggest paper when.,2020-07-12,share,private,"#music,#fun"
801,Teacher also however TV probably prepare any yes.,2023-08-15,share,private,"#music,#fun"
802,Carry behavior which interview score citizen tell.,2024-02-11,recommend,private,"#music,#fun"
803,Store training girl.,2025-06-17,share,public,"#music,#fun"
804,Prove leader away describe show a explain.,2024-02-16,music,public,"#music,#fun"
805,Collection tough film important.,2024-09-04,music,public,"#music,#fun"
806,Cold seat learn rate until mention.,2020-05-08,recommend,public,"#music,#fun"
807,Today purpose wrong tough.,2022-09-02,share,public,"#music,#fun"
808,Late to which let image south never how.,2023-03-08,recommend,private,"#music,#fun"
809,Team especially health whose.,2023-05-22,music,private,"#music,#fun"
810,Six education interesting treatment.,2021-10-11,recommend,private,"#music,#fun"
811,Treat floor line cultural act.,2020-09-06,recommend,public,"#music,#fun"
812,Ok move agency citizen strategy research huge.,2023-11-16,recommend,private,"#music,#fun"
813,Agent sell large nation benefit expert.,2021-03-28,share,private,"#music,#fun"
814,No size hard all.,2024-04-04,recommend,public,"#music,#fun"
815,City put rather.,2024-07-28,recommend,public,"#music,#fun"
816,Responsibility performance something total.,2022-11-21,music,public,"#music,#fun"
817,None truth which reveal site or.,2020-08-18,recommend,private,"#music,#fun"
818,Enjoy determine space can.,2022-04-01,recommend,private,"#music,#fun"
819,Source power yourself.,2023-03-28,share,private,"#music,#fun"
820,Gun piece country step degree week why part.,2025-06-07,share,private,"#music,#fun"
821,Church imagine his level box strategy energy.,2023-01-27,music,private,"#music,#fun"
822,Yourself social card mission.,2026-04-04,music,public,"#music,#fun"
823,Say design chance race security despite blood.,2020-06-03,recommend,public,"#music,#fun"
824,Seven mean our.,2023-08-15,music,private,"#music,#fun"
825,Husband federal method TV something.,2024-12-16,music,public,"#music,#fun"
826,Soon its more stock maintain.,2022-06-06,recommend,public,"#music,#fun"
827,Discussion side lead mention yet plant.,2024-03-30,recommend,public,"#music,#fun"
828,Prevent after catch food.,2021-11-07,music,private,"#music,#fun"
829,Old thousand view bag change reality speech magazine.,2023-12-01,share,public,"#music,#fun"
830,Thank entire Republican officer despite.,2020-01-13,share,public,"#music,#fun"
831,Owner prove avoid effort leave event.,2022-09-06,music,public,"#music,#fun"
832,Scene I close.,2020-06-21,recommend,public,"#music,#fun"
833,Explain personal each catch.,2024-05-23,recommend,public,"#music,#fun"
834,To process budget whom.,2023-02-24,share,private,"#music,#fun"
835,Should happy week relate.,2020-03-07,music,private,"#music,#fun"
836,Security name structure beautiful share.,2025-10-17,music,public,"#music,#fun"
837,Sign yes for far land.,2021-01-28,music,private,"#music,#fun"
838,Range throughout number billion board who.,2025-11-07,music,public,"#music,#fun"
839,Spring without nature.,2025-02-28,share,public,"#music,#fun"
840,No officer goal.,2023-01-19,recommend,public,"#music,#fun"
841,Current claim suffer would without tend peace.,2020-11-05,recommend,public,"#music,#fun"
842,Magazine PM glass treatment he.,2021-04-27,share,private,"#music,#fun"
843,Study north project include have bank few.,2020-09-18,music,private,"#music,#fun"
844,Church majority his four end.,2024-11-01,recommend,private,"#music,#fun"
845,World allow recognize however story energy.,2025-06-24,recommend,private,"#music,#fun"
846,Name of could ground.,2021-09-23,recommend,public,"#music,#fun"
847,Watch for art will begin sport rule.,2025-10-14,share,public,"#music,#fun"
848,Start computer least participant population.,2021-12-23,share,private,"#music,#fun"
849,Husband section scientist.,2022-12-02,recommend,public,"#music,#fun"
850,Light he do blue think.,2024-11-05,music,private,"#music,#fun"
851,Far life at design total.,2021-02-11,share,public,"#music,#fun"
852,Wait in picture.,2024-08-22,recommend,public,"#music,#fun"
853,Cost think grow.,2021-02-08,share,public,"#music,#fun"
854,Skill statement scientist.,2025-01-16,recommend,private,"#music,#fun"
855,Generation also gun time.,2020-11-12,music,public,"#music,#fun"
856,Claim thank resource.,2023-01-03,music,public,"#music,#fun"
857,Yet return become high help policy.,2022-09-14,share,private,"#music,#fun"
858,Year evidence himself apply even current.,2024-09-09,music,private,"#music,#fun"
859,Future marriage sell box.,2022-08-14,share,public,"#music,#fun"
860,Free maintain no up.,2024-02-18,music,private,"#music,#fun"
861,Stage smile study when arrive their fire.,2021-04-01,music,public,"#music,#fun"
862,Peace set magazine I several remain whole.,2023-06-19,share,public,"#music,#fun"
863,More style outside.,2026-01-20,recommend,public,"#music,#fun"
864,Approach night project large reason move.,2020-06-02,recommend,private,"#music,#fun"
865,Down forget attack house daughter detail.,2025-10-06,music,public,"#music,#fun"
866,Then certainly suffer cold box and.,2023-09-22,music,private,"#music,#fun"
867,Image political growth son game budget enter.,2025-09-07,recommend,private,"#music,#fun"
868,Culture suddenly article year move rather.,2024-09-01,share,public,"#music,#fun"
869,Name quality break per relate.,2022-05-24,music,private,"#music,#fun"
870,Place speak national hour.,2025-02-11,share,private,"#music,#fun"
871,Short approach to first pass society.,2021-03-03,share,private,"#music,#fun"
872,Series husband century these general discussion own might.,2020-06-03,share,public,"#music,#fun"
873,Girl go current able.,2023-05-21,recommend,public,"#music,#fun"
874,Speak always fire discover.,2023-10-21,share,public,"#music,#fun"
875,Have several walk from be.,2024-12-25,recommend,public,"#music,#fun"
876,Leg dream kitchen seven return forget.,2021-10-17,music,public,"#music,#fun"
877,Get indeed return.,2022-03-03,share,private,"#music,#fun"
878,Trade yet later effort star understand find.,2022-01-07,music,public,"#music,#fun"
879,Party hundred phone check.,2020-09-23,share,public,"#music,#fun"
880,Need necessary different reach.,2020-04-19,recommend,private,"#music,#fun"
881,Break case conference.,2025-11-06,music,public,"#music,#fun"
882,City enjoy girl media much certain as conference.,2020-08-26,share,private,"#music,#fun"
883,Represent scene full process.,2025-07-18,share,private,"#music,#fun"
884,Share although strong democratic high trip alone job.,2021-12-05,music,public,"#music,#fun"
885,Ability last establish pressure any defense consumer.,2023-07-30,share,private,"#music,#fun"
886,Floor win adult gun establish.,2024-02-10,music,private,"#music,#fun"
887,Baby though effect environment.,2021-12-06,share,private,"#music,#fun"
888,Challenge thousand series never produce test throw.,2024-10-22,recommend,private,"#music,#fun"
889,Where question beat anyone point.,2026-02-28,share,private,"#music,#fun"
890,Deep door actually economic tax.,2022-08-03,music,private,"#music,#fun"
891,Where among thing national vote future.,2022-06-07,share,public,"#music,#fun"
892,Marriage field table season when card learn.,2020-11-23,recommend,private,"#music,#fun"
893,Reality early continue.,2024-12-21,music,public,"#music,#fun"
894,Away visit top focus site direction truth.,2025-01-03,music,public,"#music,#fun"
895,Check live special range.,2023-11-08,recommend,public,"#music,#fun"
896,During set rock role door condition.,2024-01-29,music,public,"#music,#fun"
897,Senior along effort about direction.,2021-11-12,recommend,public,"#music,#fun"
898,Mean four adult area conference career.,2022-06-27,recommend,public,"#music,#fun"
899,Ever start suddenly area report population.,2025-06-02,recommend,private,"#music,#fun"
900,Growth organization also seem one nice us.,2021-12-30,recommend,public,"#music,#fun"
901,Debate avoid responsibility blood everything yes notice.,2023-11-01,share,public,"#music,#fun"
902,Best join quickly perform option but either.,2023-12-02,share,private,"#music,#fun"
903,Factor worker I than question share teacher.,2020-02-10,recommend,private,"#music,#fun"
904,Finally miss practice their bag.,2023-08-09,recommend,private,"#music,#fun"
905,Relate concern require remain maintain.,2022-12-27,music,private,"#music,#fun"
906,Probably important him day.,2020-04-24,share,private,"#music,#fun"
907,Camera crime nation book bring skin.,2023-10-23,share,private,"#music,#fun"
908,Strong administration involve clearly cut.,2025-08-08,share,public,"#music,#fun"
909,Spring campaign management.,2023-02-12,share,public,"#music,#fun"
910,Trade point something thank.,2026-01-28,recommend,private,"#music,#fun"
911,Republican another among maybe lot see beyond popular.,2023-05-31,share,public,"#music,#fun"
912,Yard build few card.,2025-09-29,recommend,private,"#music,#fun"
913,Type inside stand same push culture.,2022-03-20,share,public,"#music,#fun"
914,Parent skin firm compare page police be kind.,2021-05-08,music,private,"#music,#fun"
915,Test travel senior hundred garden maybe learn.,2022-03-05,share,private,"#music,#fun"
916,Today well owner kid blood along society.,2023-03-06,music,private,"#music,#fun"
917,Cause very star who song.,2025-01-13,recommend,public,"#music,#fun"
918,Prove visit your many.,2024-02-20,music,public,"#music,#fun"
919,Build play very ahead TV child product.,2025-09-13,share,private,"#music,#fun"
920,Less court act level tell break seven.,2022-08-27,music,private,"#music,#fun"
921,Community soldier floor owner early.,2023-10-28,music,public,"#music,#fun"
922,All tonight approach fill country.,2025-11-03,recommend,private,"#music,#fun"
923,Sense imagine purpose a pull officer.,2021-11-29,recommend,private,"#music,#fun"
924,Responsibility reason surface series late bring.,2026-01-28,recommend,public,"#music,#fun"
925,Series religious high last maintain politics resource training.,2021-10-19,recommend,private,"#music,#fun"
926,Laugh old hold watch claim trial.,2023-07-16,recommend,public,"#music,#fun"
927,Area morning certainly director sign language picture newspaper.,2025-12-12,share,private,"#music,#fun"
928,Design former else message teacher big such couple.,2022-11-14,recommend,public,"#music,#fun"
929,Rich kid clearly.,2022-07-31,share,public,"#music,#fun"
930,Eye above few ever why often everybody.,2023-07-10,music,public,"#music,#fun"
931,Just not her hold special nice.,2023-10-06,share,private,"#music,#fun"
932,Environmental discover upon water court away say.,2020-03-19,music,public,"#music,#fun"
933,List alone rock picture traditional.,2026-02-03,recommend,public,"#music,#fun"
934,Make something enjoy realize.,2020-02-11,music,private,"#music,#fun"
935,Road yard miss cold management.,2020-07-07,recommend,private,"#music,#fun"
936,Song deep trip spring dream play reflect.,2024-03-11,share,private,"#music,#fun"
937,Than coach save visit.,2020-06-01,recommend,private,"#music,#fun"
938,Soon claim toward picture message project Congress deep.,2024-09-14,music,public,"#music,#fun"
939,Reduce across stop full try lawyer.,2022-04-03,music,private,"#music,#fun"
940,Cut nor society your natural stop continue once.,2022-07-15,share,private,"#music,#fun"
941,Office hair place official range fund up.,2024-06-13,share,public,"#music,#fun"
942,Make national win behind.,2021-04-26,recommend,public,"#music,#fun"
943,Economy those true wife.,2025-06-08,recommend,private,"#music,#fun"
944,Present above with affect step.,2020-01-10,recommend,public,"#music,#fun"
945,Wrong me central return we individual theory.,2022-05-01,share,private,"#music,#fun"
946,Standard recently present kitchen rock watch.,2024-02-23,share,private,"#music,#fun"
947,Teach really last fill write church well.,2023-09-05,recommend,public,"#music,#fun"
948,Two art example bring remember.,2022-10-15,music,private,"#music,#fun"
949,Meeting month prevent discover low.,2022-07-06,share,private,"#music,#fun"
950,Ask soon admit somebody hold degree matter.,2025-05-03,music,public,"#music,#fun"
951,Network else particular open.,2021-11-27,music,private,"#music,#fun"
952,Particular expert guess remember require.,2022-03-19,share,private,"#music,#fun"
953,Think person begin ok policy.,2025-05-06,music,public,"#music,#fun"
954,Policy national science good whatever.,2022-05-16,share,private,"#music,#fun"
955,Movement energy agree one.,2023-11-04,recommend,private,"#music,#fun"
956,Administration democratic fear attack.,2024-04-12,recommend,private,"#music,#fun"
957,None front new religious.,2026-04-25,recommend,private,"#music,#fun"
958,Apply state son world step campaign style.,2020-03-14,recommend,private,"#music,#fun"
959,Reason front bag include security range world small.,2025-10-24,music,public,"#music,#fun"
960,Level relate make fill his recognize.,2021-03-30,music,public,"#music,#fun"
961,Write then participant discussion pass.,2023-04-28,share,private,"#music,#fun"
962,Issue catch upon year live.,2025-05-25,music,private,"#music,#fun"
963,Thought really important bag present condition bill.,2024-04-01,share,private,"#music,#fun"
964,Discussion sport loss deep general.,2022-10-06,music,public,"#music,#fun"
965,Dinner rich gun support song like party.,2024-12-19,share,private,"#music,#fun"
966,Gun record room old rest technology.,2023-04-21,music,public,"#music,#fun"
967,Second thing capital analysis game a.,2023-08-04,recommend,public,"#music,#fun"
968,Significant scientist market book.,2024-03-20,music,private,"#music,#fun"
969,Magazine may discuss score finally since.,2021-04-27,music,private,"#music,#fun"
970,Couple give store bar seem.,2021-02-25,share,private,"#music,#fun"
971,Race add happen too book customer.,2020-05-17,recommend,public,"#music,#fun"
972,Pick test worker without if president interview understand.,2022-09-07,recommend,public,"#music,#fun"
973,Policy collection ability decision who information.,2025-05-13,recommend,private,"#music,#fun"
974,Benefit these grow subject brother cause turn.,2023-03-17,music,public,"#music,#fun"
975,Cell team store but respond serious.,2025-09-19,share,private,"#music,#fun"
976,Fast employee learn miss.,2023-08-08,music,private,"#music,#fun"
977,Conference production over describe.,2020-03-16,share,private,"#music,#fun"
978,Easy young someone however tend until.,2023-07-17,share,private,"#music,#fun"
979,Possible put we though.,2023-10-28,recommend,private,"#music,#fun"
980,Care item official dream.,2020-12-28,music,private,"#music,#fun"
981,Gas street indicate fill.,2020-05-09,music,private,"#music,#fun"
982,Size dog sell line why.,2022-07-28,share,private,"#music,#fun"
983,He up clearly people name.,2024-09-21,share,private,"#music,#fun"
984,Point toward help per claim suggest.,2023-11-11,music,private,"#music,#fun"
985,Answer because if candidate present enjoy Mr.,2023-03-31,share,public,"#music,#fun"
986,Church language responsibility good cause within include represent.,2022-05-17,music,public,"#music,#fun"
987,Ever pretty always professional most leg.,2023-03-25,share,public,"#music,#fun"
988,Policy actually never section job never training.,2022-07-25,music,private,"#music,#fun"
989,Bag maintain skill team work.,2021-08-08,recommend,private,"#music,#fun"
990,Fact technology police increase maybe attack alone.,2025-03-25,share,public,"#music,#fun"
991,How down another finish experience north.,2026-03-24,share,private,"#music,#fun"
992,Finally choice arm interesting participant language.,2021-07-26,recommend,public,"#music,#fun"
993,East all star north wonder game.,2024-02-08,music,private,"#music,#fun"
994,Head have important compare tough himself mean.,2021-01-24,share,private,"#music,#fun"
995,News lawyer you approach.,2022-06-27,music,private,"#music,#fun"
996,Particular enjoy so best.,2024-05-05,music,public,"#music,#fun"
997,Magazine seek town fund board evidence.,2022-06-06,music,public,"#music,#fun"
998,Lot maybe trouble draw bar particularly.,2022-08-12,share,public,"#music,#fun"
999,Walk hit lay behind customer unit station.,2026-02-24,music,private,"#music,#fun"
1000,Worry population difference during student parent.,2024-11-06,music,public,"#music,#fun"
